ISO-10303-21;
HEADER;
FILE_DESCRIPTION (( 'STEP AP214' ),
    '1' );
FILE_NAME ('L8050QLT1G.STEP',
    '2025-02-20T05:58:18',
    ( 'LENOVO' ),
    ( '' ),
    'SwSTEP 2.0',
    'SolidWorks 2021',
    '' );
FILE_SCHEMA (( 'AUTOMOTIVE_DESIGN' ));
ENDSEC;

DATA;
#1 = EDGE_CURVE ( 'NONE', #2239, #724, #1512, .T. ) ;
#2 = DIRECTION ( 'NONE',  ( -0.9975640502598243087, -0.06975647374412514978, 0.000000000000000000 ) ) ;
#3 = DIRECTION ( 'NONE',  ( 0.9925461516413219831, -0.1218693434051477398, 0.000000000000000000 ) ) ;
#4 = EDGE_LOOP ( 'NONE', ( #814, #8, #973, #1135 ) ) ;
#5 = ORIENTED_EDGE ( 'NONE', *, *, #1673, .F. ) ;
#6 = CARTESIAN_POINT ( 'NONE',  ( 0.5586484574434451567, 1.119999999999999440, 1.228255446771011172 ) ) ;
#7 = VECTOR ( 'NONE', #692, 1000.000000000000000 ) ;
#8 = ORIENTED_EDGE ( 'NONE', *, *, #352, .F. ) ;
#9 = EDGE_LOOP ( 'NONE', ( #1697, #298, #296, #5 ) ) ;
#10 = VECTOR ( 'NONE', #1652, 1000.000000000000000 ) ;
#11 = DIRECTION ( 'NONE',  ( 0.000000000000000000, 0.000000000000000000, 1.000000000000000000 ) ) ;
#12 = ORIENTED_EDGE ( 'NONE', *, *, #1997, .F. ) ;
#13 = VERTEX_POINT ( 'NONE', #1228 ) ;
#14 = LINE ( 'NONE', #1271, #811 ) ;
#15 = DIRECTION ( 'NONE',  ( 1.000000000000000000, -0.000000000000000000, -0.000000000000000000 ) ) ;
#16 = AXIS2_PLACEMENT_3D ( 'NONE', #1350, #35, #184 ) ;
#17 = COLOUR_RGB ( '',0.7921568627450980005, 0.8196078431372548767, 0.9333333333333333481 ) ;
#18 = CARTESIAN_POINT ( 'NONE',  ( 0.6328101614735932579, 0.3299999999999992384, 0.1999999999999999833 ) ) ;
#19 = CIRCLE ( 'NONE', #1403, 0.09433032714359249060 ) ;
#20 = MANIFOLD_SOLID_BREP ( 'Mirror1', #1126 ) ;
#21 = CARTESIAN_POINT ( 'NONE',  ( 0.4282554467710113499, 0.9699999999999995293, -1.228255446771011394 ) ) ;
#22 = DIRECTION ( 'NONE',  ( 0.000000000000000000, 0.000000000000000000, -1.000000000000000000 ) ) ;
#23 = CARTESIAN_POINT ( 'NONE',  ( 0.4282554467710113499, 0.9699999999999995293, 1.228255446771011394 ) ) ;
#24 = LINE ( 'NONE', #476, #1562 ) ;
#25 = AXIS2_PLACEMENT_3D ( 'NONE', #1001, #1687, #477 ) ;
#26 = LINE ( 'NONE', #1807, #1522 ) ;
#27 = CARTESIAN_POINT ( 'NONE',  ( 0.9593303271435925650, 0.2499999999999999445, -0.1999999999999999833 ) ) ;
#28 = ORIENTED_EDGE ( 'NONE', *, *, #1, .T. ) ;
#29 = UNCERTAINTY_MEASURE_WITH_UNIT (LENGTH_MEASURE( 1.000000000000000082E-05 ), #393, 'distance_accuracy_value', 'NONE');
#30 = EDGE_CURVE ( 'NONE', #1375, #2232, #120, .T. ) ;
#31 = LINE ( 'NONE', #235, #768 ) ;
#32 = CARTESIAN_POINT ( 'NONE',  ( -0.4718609227825336649, 0.2317195984892274074, -1.420742845528732090 ) ) ;
#33 = FACE_OUTER_BOUND ( 'NONE', #1914, .T. ) ;
#34 = EDGE_CURVE ( 'NONE', #1833, #1851, #117, .T. ) ;
#35 = DIRECTION ( 'NONE',  ( 0.1378445374916292543, -0.9808148484639889197, -0.1378445374916292543 ) ) ;
#36 = ORIENTED_EDGE ( 'NONE', *, *, #977, .T. ) ;
#37 = CARTESIAN_POINT ( 'NONE',  ( -0.7050000000000000711, 0.3099999999999992761, -0.7500000000000000000 ) ) ;
#38 = CARTESIAN_POINT ( 'NONE',  ( 0.6499999999999999112, 0.4699999999999993072, 0.1999999999999999833 ) ) ;
#39 = LINE ( 'NONE', #1705, #1545 ) ;
#40 = ORIENTED_EDGE ( 'NONE', *, *, #1979, .T. ) ;
#41 = FACE_OUTER_BOUND ( 'NONE', #457, .T. ) ;
#42 = DIRECTION ( 'NONE',  ( 0.000000000000000000, 0.000000000000000000, 1.000000000000000000 ) ) ;
#43 = PRODUCT_DEFINITION_FORMATION_WITH_SPECIFIED_SOURCE ( 'ANY', '', #1218, .NOT_KNOWN. ) ;
#44 = ORIENTED_EDGE ( 'NONE', *, *, #815, .F. ) ;
#45 = AXIS2_PLACEMENT_3D ( 'NONE', #1540, #1557, #1908 ) ;
#46 = CIRCLE ( 'NONE', #266, 0.2343303271435926427 ) ;
#47 = ORIENTED_EDGE ( 'NONE', *, *, #1931, .T. ) ;
#48 = CARTESIAN_POINT ( 'NONE',  ( -0.8649999999999998801, 0.3099999999999992761, 1.149999999999999911 ) ) ;
#49 = CIRCLE ( 'NONE', #1608, 0.1599999999999998646 ) ;
#50 = VERTEX_POINT ( 'NONE', #1495 ) ;
#51 = VECTOR ( 'NONE', #953, 1000.000000000000000 ) ;
#52 = ADVANCED_FACE ( 'NONE', ( #872 ), #1561, .T. ) ;
#53 = AXIS2_PLACEMENT_3D ( 'NONE', #423, #269, #405 ) ;
#54 = EDGE_CURVE ( 'NONE', #2122, #1092, #875, .T. ) ;
#55 = EDGE_LOOP ( 'NONE', ( #2046, #1538, #442, #1331, #674, #379, #2160, #2089, #660, #700, #2186, #1879 ) ) ;
#56 = LINE ( 'NONE', #332, #802 ) ;
#57 = DIRECTION ( 'NONE',  ( 0.000000000000000000, 0.000000000000000000, 1.000000000000000000 ) ) ;
#58 = AXIS2_PLACEMENT_3D ( 'NONE', #1416, #493, #2065 ) ;
#59 = EDGE_CURVE ( 'NONE', #363, #1477, #839, .T. ) ;
#60 = SURFACE_STYLE_FILL_AREA ( #78 ) ;
#61 = DIRECTION ( 'NONE',  ( 0.000000000000000000, -1.000000000000000000, 0.000000000000000000 ) ) ;
#62 = ORIENTED_EDGE ( 'NONE', *, *, #1467, .T. ) ;
#64 = EDGE_CURVE ( 'NONE', #1440, #1409, #885, .T. ) ;
#63 = DIRECTION ( 'NONE',  ( 1.000000000000000000, 0.000000000000000000, 0.000000000000000000 ) ) ;
#65 = VECTOR ( 'NONE', #1899, 1000.000000000000000 ) ;
#66 = DIRECTION ( 'NONE',  ( 0.000000000000000000, 1.000000000000000000, 0.000000000000000000 ) ) ;
#67 = PLANE ( 'NONE',  #1305 ) ;
#68 = ORIENTED_EDGE ( 'NONE', *, *, #1315, .F. ) ;
#69 = DIRECTION ( 'NONE',  ( 0.000000000000000000, 0.000000000000000000, 1.000000000000000000 ) ) ;
#70 = DIRECTION ( 'NONE',  ( 0.000000000000000000, -0.000000000000000000, -1.000000000000000000 ) ) ;
#71 = CYLINDRICAL_SURFACE ( 'NONE', #450, 0.01999999999999994491 ) ;
#72 = AXIS2_PLACEMENT_3D ( 'NONE', #821, #69, #913 ) ;
#73 = EDGE_LOOP ( 'NONE', ( #2149, #1108, #1828, #301 ) ) ;
#74 = ADVANCED_FACE ( 'NONE', ( #868 ), #1039, .F. ) ;
#75 = SURFACE_STYLE_USAGE ( .BOTH. , #410 ) ;
#76 = ADVANCED_FACE ( 'NONE', ( #93 ), #113, .F. ) ;
#77 = CIRCLE ( 'NONE', #494, 0.09433032714359249060 ) ;
#78 = FILL_AREA_STYLE ('',( #95 ) ) ;
#79 = CIRCLE ( 'NONE', #780, 0.09433032714359249060 ) ;
#80 = DIRECTION ( 'NONE',  ( 0.000000000000000000, -0.000000000000000000, -1.000000000000000000 ) ) ;
#81 = VECTOR ( 'NONE', #166, 1000.000000000000000 ) ;
#82 = CARTESIAN_POINT ( 'NONE',  ( -0.6045697124659251687, 0.2317195984892274074, -1.420742845528732090 ) ) ;
#83 = CYLINDRICAL_SURFACE ( 'NONE', #109, 0.1599999999999998646 ) ;
#84 = AXIS2_PLACEMENT_3D ( 'NONE', #201, #370, #1560 ) ;
#85 = PLANE ( 'NONE',  #1174 ) ;
#87 = EDGE_CURVE ( 'NONE', #1874, #1000, #1568, .T. ) ;
#86 =( NAMED_UNIT ( * ) SI_UNIT ( $, .STERADIAN. ) SOLID_ANGLE_UNIT ( ) );
#88 = DIRECTION ( 'NONE',  ( -0.000000000000000000, -0.000000000000000000, -1.000000000000000000 ) ) ;
#89 = FACE_OUTER_BOUND ( 'NONE', #1116, .T. ) ;
#90 = EDGE_CURVE ( 'NONE', #738, #1784, #79, .T. ) ;
#91 = EDGE_CURVE ( 'NONE', #1139, #1375, #1594, .T. ) ;
#92 = PLANE ( 'NONE',  #516 ) ;
#93 = FACE_OUTER_BOUND ( 'NONE', #1675, .T. ) ;
#94 = EDGE_CURVE ( 'NONE', #1887, #1494, #836, .T. ) ;
#95 = FILL_AREA_STYLE_COLOUR ( '', #17 ) ;
#96 = VECTOR ( 'NONE', #150, 1000.000000000000000 ) ;
#97 = DIRECTION ( 'NONE',  ( 0.1209742911513548430, -0.9852565360152931717, 0.1209742911513548153 ) ) ;
#98 = VECTOR ( 'NONE', #620, 1000.000000000000000 ) ;
#99 = AXIS2_PLACEMENT_3D ( 'NONE', #492, #325, #1891 ) ;
#100 = DIRECTION ( 'NONE',  ( 1.000000000000000000, 0.000000000000000000, 0.000000000000000000 ) ) ;
#101 =( LENGTH_UNIT ( ) NAMED_UNIT ( * ) SI_UNIT ( .MILLI., .METRE. ) );
#102 = DIRECTION ( 'NONE',  ( 0.9975640502598241977, 0.06975647374412544122, -0.000000000000000000 ) ) ;
#103 = FACE_OUTER_BOUND ( 'NONE', #690, .T. ) ;
#104 = PRODUCT_DEFINITION ( 'UNKNOWN', '', #43, #785 ) ;
#105 = DIRECTION ( 'NONE',  ( -1.000000000000000000, 0.000000000000000000, 0.000000000000000000 ) ) ;
#106 = VECTOR ( 'NONE', #645, 1000.000000000000000 ) ;
#107 = DIRECTION ( 'NONE',  ( 0.000000000000000000, 0.000000000000000000, 1.000000000000000000 ) ) ;
#108 = ADVANCED_FACE ( 'NONE', ( #824 ), #2052, .T. ) ;
#109 = AXIS2_PLACEMENT_3D ( 'NONE', #518, #70, #217 ) ;
#110 = EDGE_CURVE ( 'NONE', #330, #398, #1572, .T. ) ;
#111 = CARTESIAN_POINT ( 'NONE',  ( -1.175234093675822544, 1.411331559185746219E-16, -1.149999999999999911 ) ) ;
#112 = CARTESIAN_POINT ( 'NONE',  ( 0.9527501761549258541, 0.1558994567923035202, -0.1999999999999999833 ) ) ;
#113 = CYLINDRICAL_SURFACE ( 'NONE', #1054, 0.01999999999999994491 ) ;
#114 = EDGE_CURVE ( 'NONE', #428, #1084, #831, .T. ) ;
#115 = VECTOR ( 'NONE', #300, 1000.000000000000000 ) ;
#116 = CARTESIAN_POINT ( 'NONE',  ( 0.4282554467710112389, 0.9908759651440094407, -1.376795657082247049 ) ) ;
#117 = LINE ( 'NONE', #1635, #1564 ) ;
#118 = CARTESIAN_POINT ( 'NONE',  ( -0.9527501761549258541, 0.1558994567923035202, 1.149999999999999911 ) ) ;
#119 = AXIS2_PLACEMENT_3D ( 'NONE', #215, #553, #387 ) ;
#120 = LINE ( 'NONE', #1678, #96 ) ;
#121 = ADVANCED_FACE ( 'NONE', ( #124 ), #83, .T. ) ;
#122 = CARTESIAN_POINT ( 'NONE',  ( -0.8650000000000001021, 0.2500000000000000000, 1.149999999999999911 ) ) ;
#123 = DIRECTION ( 'NONE',  ( 1.000000000000000000, 0.000000000000000000, 0.000000000000000000 ) ) ;
#124 = FACE_OUTER_BOUND ( 'NONE', #1400, .T. ) ;
#125 = CARTESIAN_POINT ( 'NONE',  ( 0.7050000000000000711, 0.3299999999999992384, 0.1999999999999999833 ) ) ;
#126 = DIRECTION ( 'NONE',  ( -1.000000000000000000, 0.000000000000000000, 0.000000000000000000 ) ) ;
#127 = VECTOR ( 'NONE', #1876, 1000.000000000000227 ) ;
#128 = AXIS2_PLACEMENT_3D ( 'NONE', #1537, #126, #297 ) ;
#129 = CIRCLE ( 'NONE', #862, 0.1499999999999999667 ) ;
#130 = CARTESIAN_POINT ( 'NONE',  ( -0.8649999999999998801, 0.3099999999999992761, 1.149999999999999911 ) ) ;
#131 = EDGE_CURVE ( 'NONE', #1173, #1463, #1599, .T. ) ;
#132 = CARTESIAN_POINT ( 'NONE',  ( -0.4718609227825336094, 0.2499999999999995837, -1.271860922782533931 ) ) ;
#133 = CARTESIAN_POINT ( 'NONE',  ( 0.4282554467710114054, 1.119999999999999440, 1.228255446771011172 ) ) ;
#134 = CARTESIAN_POINT ( 'NONE',  ( -0.8649999999999998801, 0.3099999999999992761, 1.149999999999999911 ) ) ;
#135 = VECTOR ( 'NONE', #464, 1000.000000000000000 ) ;
#136 = DIRECTION ( 'NONE',  ( -0.000000000000000000, -0.000000000000000000, -1.000000000000000000 ) ) ;
#137 = DIRECTION ( 'NONE',  ( -0.9925461516413219831, -0.1218693434051477398, 0.000000000000000000 ) ) ;
#138 =( NAMED_UNIT ( * ) SI_UNIT ( $, .STERADIAN. ) SOLID_ANGLE_UNIT ( ) );
#139 = PRESENTATION_STYLE_ASSIGNMENT (( #608 ) ) ;
#140 = CARTESIAN_POINT ( 'NONE',  ( 0.6500000000000000222, 0.4699999999999993072, -1.301118077253801797 ) ) ;
#141 = CARTESIAN_POINT ( 'NONE',  ( -0.5977191919462614411, 0.8419972786873497483, 1.249178981635026275 ) ) ;
#142 = LINE ( 'NONE', #1158, #192 ) ;
#143 = DIRECTION ( 'NONE',  ( -0.000000000000000000, -0.000000000000000000, -1.000000000000000000 ) ) ;
#144 = DIRECTION ( 'NONE',  ( 3.614007241618348278E-16, -1.000000000000000000, 0.000000000000000000 ) ) ;
#145 = DIRECTION ( 'NONE',  ( 0.9975640502598241977, 0.06975647374412544122, -0.000000000000000000 ) ) ;
#146 = AXIS2_PLACEMENT_3D ( 'NONE', #1836, #1320, #2008 ) ;
#147 = CARTESIAN_POINT ( 'NONE',  ( -0.7050000000000000711, 0.3299999999999992384, -1.149999999999999911 ) ) ;
#148 = CIRCLE ( 'NONE', #1157, 0.1599999999999998646 ) ;
#149 = DIRECTION ( 'NONE',  ( -1.000000000000000000, 0.000000000000000000, 0.000000000000000000 ) ) ;
#150 = DIRECTION ( 'NONE',  ( 0.000000000000000000, -0.000000000000000000, -1.000000000000000000 ) ) ;
#151 = EDGE_CURVE ( 'NONE', #1966, #1205, #841, .T. ) ;
#152 = DIRECTION ( 'NONE',  ( 1.000000000000000000, -3.614007241618349264E-16, 5.224419336987948372E-31 ) ) ;
#153 = LINE ( 'NONE', #422, #1650 ) ;
#154 = CARTESIAN_POINT ( 'NONE',  ( 0.7250000000000000888, 0.3099999999999992761, 0.1999999999999999833 ) ) ;
#155 = DIRECTION ( 'NONE',  ( -0.000000000000000000, -0.000000000000000000, -1.000000000000000000 ) ) ;
#156 = FILL_AREA_STYLE_COLOUR ( '', #2134 ) ;
#157 = FACE_OUTER_BOUND ( 'NONE', #619, .T. ) ;
#158 = CARTESIAN_POINT ( 'NONE',  ( -0.5032969313080895013, 0.5060257437448890672, -1.303296931308089768 ) ) ;
#159 = CARTESIAN_POINT ( 'NONE',  ( 0.4795807680610756352, 0.6256773280450445007, 1.428120978372311223 ) ) ;
#160 = LINE ( 'NONE', #1860, #1647 ) ;
#161 = CARTESIAN_POINT ( 'NONE',  ( -0.6499999999999999112, 0.4699999999999993072, 1.149999999999999911 ) ) ;
#162 = DIRECTION ( 'NONE',  ( 0.000000000000000000, 0.000000000000000000, 1.000000000000000000 ) ) ;
#163 = LINE ( 'NONE', #2215, #898 ) ;
#164 = CARTESIAN_POINT ( 'NONE',  ( 0.5014597896887644790, 0.4699999999999993072, 1.450000000000000178 ) ) ;
#165 = CARTESIAN_POINT ( 'NONE',  ( -0.7050000000000000711, 0.3099999999999992761, 1.149999999999999911 ) ) ;
#166 = DIRECTION ( 'NONE',  ( -0.000000000000000000, -0.000000000000000000, -1.000000000000000000 ) ) ;
#167 = CARTESIAN_POINT ( 'NONE',  ( -0.8649999999999998801, 0.3099999999999992761, 1.149999999999999911 ) ) ;
#168 = FACE_OUTER_BOUND ( 'NONE', #2139, .T. ) ;
#169 = CARTESIAN_POINT ( 'NONE',  ( -0.4282554467710112944, 0.9699999999999995293, -1.228255446771011172 ) ) ;
#170 = EDGE_CURVE ( 'NONE', #1428, #209, #1589, .T. ) ;
#171 = CARTESIAN_POINT ( 'NONE',  ( -0.6499999999999999112, 0.4699999999999993072, 1.149999999999999911 ) ) ;
#172 = DIRECTION ( 'NONE',  ( -0.000000000000000000, -0.000000000000000000, -1.000000000000000000 ) ) ;
#173 = EDGE_CURVE ( 'NONE', #209, #1097, #1606, .T. ) ;
#174 = EDGE_CURVE ( 'NONE', #390, #1428, #129, .T. ) ;
#175 = FACE_OUTER_BOUND ( 'NONE', #1018, .T. ) ;
#176 = CARTESIAN_POINT ( 'NONE',  ( -0.4282554467710113499, 0.9699999999999995293, 1.228255446771011394 ) ) ;
#177 = DIRECTION ( 'NONE',  ( 0.1218693434051474761, -0.9925461516413219831, 0.000000000000000000 ) ) ;
#178 = SURFACE_STYLE_FILL_AREA ( #822 ) ;
#179 = CARTESIAN_POINT ( 'NONE',  ( -0.4608560718613284868, 0.1603726817094899004, 1.260856071861328642 ) ) ;
#180 = EDGE_LOOP ( 'NONE', ( #552, #2136, #254, #1153 ) ) ;
#181 = CARTESIAN_POINT ( 'NONE',  ( -1.185000000000000053, 0.1396589670363756475, 0.7500000000000000000 ) ) ;
#182 = LINE ( 'NONE', #1175, #1655 ) ;
#183 = ORIENTED_EDGE ( 'NONE', *, *, #682, .F. ) ;
#184 = DIRECTION ( 'NONE',  ( 1.807003620809173005E-15, -0.1391731009600659930, 0.9902680687415703620 ) ) ;
#185 = CYLINDRICAL_SURFACE ( 'NONE', #128, 0.1499999999999999667 ) ;
#186 = ORIENTED_EDGE ( 'NONE', *, *, #1505, .T. ) ;
#187 = AXIS2_PLACEMENT_3D ( 'NONE', #2238, #307, #1310 ) ;
#188 = MANIFOLD_SOLID_BREP ( 'LPattern1[2]', #729 ) ;
#189 = ADVANCED_FACE ( 'NONE', ( #103 ), #771, .F. ) ;
#190 = APPLICATION_CONTEXT ( 'automotive_design' ) ;
#191 = VERTEX_POINT ( 'NONE', #1273 ) ;
#192 = VECTOR ( 'NONE', #1329, 1000.000000000000000 ) ;
#193 = EDGE_CURVE ( 'NONE', #1425, #1324, #1611, .T. ) ;
#194 = ORIENTED_EDGE ( 'NONE', *, *, #2086, .F. ) ;
#195 = DIRECTION ( 'NONE',  ( -0.000000000000000000, -0.000000000000000000, -1.000000000000000000 ) ) ;
#196 = FACE_OUTER_BOUND ( 'NONE', #1763, .T. ) ;
#197 = EDGE_CURVE ( 'NONE', #1072, #271, #855, .T. ) ;
#198 = ORIENTED_EDGE ( 'NONE', *, *, #717, .F. ) ;
#199 = CARTESIAN_POINT ( 'NONE',  ( -0.6097379946075267565, 0.1420922801987177519, 1.260856071861329086 ) ) ;
#200 = VECTOR ( 'NONE', #293, 1000.000000000000000 ) ;
#201 = CARTESIAN_POINT ( 'NONE',  ( 0.7050000000000000711, 0.3099999999999992761, 0.1999999999999999833 ) ) ;
#202 = ORIENTED_EDGE ( 'NONE', *, *, #2058, .T. ) ;
#203 = LINE ( 'NONE', #1780, #200 ) ;
#204 = CARTESIAN_POINT ( 'NONE',  ( -0.6499999999999999112, 0.4699999999999993072, 1.450000000000000178 ) ) ;
#205 = ORIENTED_EDGE ( 'NONE', *, *, #302, .T. ) ;
#206 = AXIS2_PLACEMENT_3D ( 'NONE', #165, #1665, #846 ) ;
#207 = LINE ( 'NONE', #1255, #987 ) ;
#208 = ADVANCED_FACE ( 'NONE', ( #1613 ), #901, .T. ) ;
#209 = VERTEX_POINT ( 'NONE', #133 ) ;
#210 = DIRECTION ( 'NONE',  ( 0.9925461516413219831, -0.1218693434051477259, 0.000000000000000000 ) ) ;
#211 = CIRCLE ( 'NONE', #569, 0.1499999999999999667 ) ;
#212 = CARTESIAN_POINT ( 'NONE',  ( 0.6499999999999999112, 0.4699999999999993072, 0.1999999999999999833 ) ) ;
#213 = ORIENTED_EDGE ( 'NONE', *, *, #1905, .F. ) ;
#214 = DIRECTION ( 'NONE',  ( 0.1218693434051477398, 0.9925461516413219831, 0.000000000000000000 ) ) ;
#215 = CARTESIAN_POINT ( 'NONE',  ( -0.6499999999999999112, 0.2499999999999995837, -1.271860922782533931 ) ) ;
#216 = LINE ( 'NONE', #229, #992 ) ;
#217 = DIRECTION ( 'NONE',  ( 1.000000000000000000, 0.000000000000000000, 0.000000000000000000 ) ) ;
#218 = DIRECTION ( 'NONE',  ( 1.000000000000000000, 0.000000000000000000, 0.000000000000000000 ) ) ;
#219 = AXIS2_PLACEMENT_3D ( 'NONE', #1523, #691, #1314 ) ;
#220 = ORIENTED_EDGE ( 'NONE', *, *, #1038, .F. ) ;
#221 = LINE ( 'NONE', #1649, #240 ) ;
#222 = DIRECTION ( 'NONE',  ( -0.000000000000000000, -0.000000000000000000, -1.000000000000000000 ) ) ;
#223 = ORIENTED_EDGE ( 'NONE', *, *, #2164, .F. ) ;
#224 = EDGE_CURVE ( 'NONE', #1819, #13, #915, .T. ) ;
#225 = DIRECTION ( 'NONE',  ( -0.1218693434051474900, 0.9925461516413219831, 0.000000000000000000 ) ) ;
#226 = FACE_OUTER_BOUND ( 'NONE', #731, .T. ) ;
#227 = ORIENTED_EDGE ( 'NONE', *, *, #2018, .T. ) ;
#228 = SURFACE_SIDE_STYLE ('',( #60 ) ) ;
#229 = CARTESIAN_POINT ( 'NONE',  ( -0.6521788540542877710, 0.4877453422341169742, -1.303296931308089768 ) ) ;
#230 = LINE ( 'NONE', #932, #997 ) ;
#231 = ADVANCED_FACE ( 'NONE', ( #168 ), #927, .T. ) ;
#232 = DIRECTION ( 'NONE',  ( -0.9975640502598241977, 0.06975647374412544122, 0.000000000000000000 ) ) ;
#233 = EDGE_LOOP ( 'NONE', ( #658, #360, #334, #411 ) ) ;
#234 = CARTESIAN_POINT ( 'NONE',  ( 0.9527501761549258541, 0.1558994567923035202, 0.1999999999999999833 ) ) ;
#235 = CARTESIAN_POINT ( 'NONE',  ( 0.4842717184526449947, 0.3327974178734207644, -1.433153641198843475 ) ) ;
#236 = FACE_OUTER_BOUND ( 'NONE', #1386, .T. ) ;
#237 = ADVANCED_FACE ( 'NONE', ( #1681 ), #1662, .T. ) ;
#238 = CARTESIAN_POINT ( 'NONE',  ( -0.6499999999999999112, 0.4699999999999993072, -1.450000000000000178 ) ) ;
#239 = VERTEX_POINT ( 'NONE', #112 ) ;
#240 = VECTOR ( 'NONE', #817, 1000.000000000000000 ) ;
#241 = ORIENTED_EDGE ( 'NONE', *, *, #1954, .T. ) ;
#242 = AXIS2_PLACEMENT_3D ( 'NONE', #1986, #2144, #788 ) ;
#243 = DIRECTION ( 'NONE',  ( -0.9975640502598243087, 0.06975647374412499713, 0.000000000000000000 ) ) ;
#244 = LINE ( 'NONE', #889, #1761 ) ;
#245 = VERTEX_POINT ( 'NONE', #2000 ) ;
#246 = DIRECTION ( 'NONE',  ( -0.000000000000000000, -0.000000000000000000, -1.000000000000000000 ) ) ;
#247 = LINE ( 'NONE', #603, #251 ) ;
#248 = VERTEX_POINT ( 'NONE', #122 ) ;
#249 = AXIS2_PLACEMENT_3D ( 'NONE', #534, #1229, #1612 ) ;
#250 = DIRECTION ( 'NONE',  ( -0.1209742911513548153, -0.9852565360152931717, 0.1209742911513548430 ) ) ;
#251 = VECTOR ( 'NONE', #263, 1000.000000000000000 ) ;
#252 = PLANE ( 'NONE',  #1206 ) ;
#253 = PLANE ( 'NONE',  #1663 ) ;
#254 = ORIENTED_EDGE ( 'NONE', *, *, #1896, .T. ) ;
#255 = EDGE_CURVE ( 'NONE', #248, #739, #899, .T. ) ;
#256 = FACE_OUTER_BOUND ( 'NONE', #1897, .T. ) ;
#257 = EDGE_CURVE ( 'NONE', #2181, #428, #153, .T. ) ;
#258 =( NAMED_UNIT ( * ) SI_UNIT ( $, .STERADIAN. ) SOLID_ANGLE_UNIT ( ) );
#259 = ORIENTED_EDGE ( 'NONE', *, *, #1701, .F. ) ;
#260 = MANIFOLD_SOLID_BREP ( 'Boss-Extrude3', #747 ) ;
#261 = CIRCLE ( 'NONE', #1222, 0.01999999999999994491 ) ;
#262 = ORIENTED_EDGE ( 'NONE', *, *, #722, .T. ) ;
#263 = DIRECTION ( 'NONE',  ( 0.000000000000000000, 0.000000000000000000, 1.000000000000000000 ) ) ;
#264 = VECTOR ( 'NONE', #313, 1000.000000000000000 ) ;
#265 = ORIENTED_EDGE ( 'NONE', *, *, #1976, .F. ) ;
#266 = AXIS2_PLACEMENT_3D ( 'NONE', #1626, #937, #755 ) ;
#267 = DIRECTION ( 'NONE',  ( 0.9925461516413220942, -0.1218693434051474900, 0.000000000000000000 ) ) ;
#268 = LINE ( 'NONE', #1086, #1755 ) ;
#269 = DIRECTION ( 'NONE',  ( -0.000000000000000000, -0.000000000000000000, -1.000000000000000000 ) ) ;
#270 = ORIENTED_EDGE ( 'NONE', *, *, #87, .T. ) ;
#271 = VERTEX_POINT ( 'NONE', #1653 ) ;
#272 = CARTESIAN_POINT ( 'NONE',  ( 1.185000000000000053, 0.1396589670363756475, -0.1999999999999999833 ) ) ;
#273 = CIRCLE ( 'NONE', #1575, 0.1499999999999999667 ) ;
#274 = AXIS2_PLACEMENT_3D ( 'NONE', #1808, #1615, #1978 ) ;
#275 = VERTEX_POINT ( 'NONE', #404 ) ;
#276 = DIRECTION ( 'NONE',  ( 0.000000000000000000, -0.1218693434051477398, -0.9925461516413219831 ) ) ;
#277 = CARTESIAN_POINT ( 'NONE',  ( -0.9429842698307482340, 0.01624048975592810862, 0.7500000000000000000 ) ) ;
#278 = VECTOR ( 'NONE', #1921, 999.9999999999998863 ) ;
#279 = ORIENTED_EDGE ( 'NONE', *, *, #87, .F. ) ;
#280 = EDGE_CURVE ( 'NONE', #1115, #191, #1619, .T. ) ;
#281 =( GEOMETRIC_REPRESENTATION_CONTEXT ( 3 ) GLOBAL_UNCERTAINTY_ASSIGNED_CONTEXT ( ( #1226 ) ) GLOBAL_UNIT_ASSIGNED_CONTEXT ( ( #1475, #1301, #138 ) ) REPRESENTATION_CONTEXT ( 'NONE', 'WORKASPACE' ) );
#282 = CARTESIAN_POINT ( 'NONE',  ( -0.6328101614735932579, 0.3299999999999992384, 1.149999999999999911 ) ) ;
#283 = DIRECTION ( 'NONE',  ( -1.000000000000000000, 0.000000000000000000, 0.000000000000000000 ) ) ;
#284 = DIRECTION ( 'NONE',  ( -0.9975640502598241977, -0.06975647374412544122, 0.000000000000000000 ) ) ;
#285 = EDGE_CURVE ( 'NONE', #1324, #1394, #203, .T. ) ;
#286 = EDGE_CURVE ( 'NONE', #1088, #1072, #1658, .T. ) ;
#287 = LINE ( 'NONE', #1965, #278 ) ;
#288 = CARTESIAN_POINT ( 'NONE',  ( 0.7050000000000000711, 0.4699999999999991962, -0.1999999999999999833 ) ) ;
#289 = PLANE ( 'NONE',  #592 ) ;
#290 = ADVANCED_FACE ( 'NONE', ( #157 ), #252, .F. ) ;
#291 = AXIS2_PLACEMENT_3D ( 'NONE', #1330, #1554, #550 ) ;
#292 = DIRECTION ( 'NONE',  ( 3.614007241618390975E-15, 1.000000000000000000, 0.000000000000000000 ) ) ;
#293 = DIRECTION ( 'NONE',  ( -1.000000000000000000, 0.000000000000000000, -0.000000000000000000 ) ) ;
#294 = CARTESIAN_POINT ( 'NONE',  ( -0.9429842698307482340, 0.01624048975592810862, -1.149999999999999911 ) ) ;
#295 = AXIS2_PLACEMENT_3D ( 'NONE', #373, #1932, #917 ) ;
#296 = ORIENTED_EDGE ( 'NONE', *, *, #784, .F. ) ;
#297 = DIRECTION ( 'NONE',  ( 0.000000000000000000, 0.000000000000000000, 1.000000000000000000 ) ) ;
#298 = ORIENTED_EDGE ( 'NONE', *, *, #506, .F. ) ;
#299 = AXIS2_PLACEMENT_3D ( 'NONE', #1322, #1031, #177 ) ;
#300 = DIRECTION ( 'NONE',  ( -3.614007241618390975E-15, -1.000000000000000000, 0.000000000000000000 ) ) ;
#301 = ORIENTED_EDGE ( 'NONE', *, *, #2203, .F. ) ;
#302 = EDGE_CURVE ( 'NONE', #1084, #600, #908, .T. ) ;
#303 = CARTESIAN_POINT ( 'NONE',  ( 0.4282554467710114054, 1.119999999999999440, -1.228255446771011172 ) ) ;
#304 = ORIENTED_EDGE ( 'NONE', *, *, #2205, .T. ) ;
#305 = CARTESIAN_POINT ( 'NONE',  ( -0.5767956570822467821, 0.9908759651440094407, 1.228255446771011394 ) ) ;
#306 = DIRECTION ( 'NONE',  ( 1.000000000000000000, 3.614007241618349757E-16, -4.437442922620276139E-17 ) ) ;
#307 = DIRECTION ( 'NONE',  ( -0.06975647374412545509, 0.9975640502598243087, 0.000000000000000000 ) ) ;
#308 = EDGE_CURVE ( 'NONE', #1147, #752, #1637, .T. ) ;
#309 = ORIENTED_EDGE ( 'NONE', *, *, #1896, .F. ) ;
#310 = ORIENTED_EDGE ( 'NONE', *, *, #1321, .T. ) ;
#311 = CARTESIAN_POINT ( 'NONE',  ( 0.000000000000000000, 0.9699999999999995293, 1.228255446771011172 ) ) ;
#312 = ORIENTED_EDGE ( 'NONE', *, *, #193, .T. ) ;
#313 = DIRECTION ( 'NONE',  ( -1.000000000000000000, 0.000000000000000000, 0.000000000000000000 ) ) ;
#314 = DIRECTION ( 'NONE',  ( 0.1378445374916289212, -0.9808148484639891418, 0.1378445374916289212 ) ) ;
#315 = VERTEX_POINT ( 'NONE', #1167 ) ;
#316 = CARTESIAN_POINT ( 'NONE',  ( -0.9429842698307482340, 0.01624048975592813637, 1.149999999999999911 ) ) ;
#317 = CARTESIAN_POINT ( 'NONE',  ( -0.6328101614735932579, 0.3299999999999992384, 1.149999999999999911 ) ) ;
#318 =( NAMED_UNIT ( * ) PLANE_ANGLE_UNIT ( ) SI_UNIT ( $, .RADIAN. ) );
#319 = VERTEX_POINT ( 'NONE', #848 ) ;
#320 = CARTESIAN_POINT ( 'NONE',  ( -0.9593303271435925650, 0.2499999999999999445, -1.149999999999999911 ) ) ;
#321 = AXIS2_PLACEMENT_3D ( 'NONE', #854, #1008, #490 ) ;
#322 = PLANE ( 'NONE',  #219 ) ;
#323 = EDGE_LOOP ( 'NONE', ( #1915, #694, #2063, #2151 ) ) ;
#324 = CARTESIAN_POINT ( 'NONE',  ( -0.6207428455287318236, 0.2317195984892274074, 1.271860922782533931 ) ) ;
#325 = DIRECTION ( 'NONE',  ( 0.000000000000000000, 0.000000000000000000, -1.000000000000000000 ) ) ;
#326 = ORIENTED_EDGE ( 'NONE', *, *, #173, .F. ) ;
#328 = EDGE_CURVE ( 'NONE', #1463, #1070, #160, .T. ) ;
#327 = CARTESIAN_POINT ( 'NONE',  ( -0.9593303271435925650, 0.2499999999999999445, -1.149999999999999911 ) ) ;
#329 = VERTEX_POINT ( 'NONE', #1517 ) ;
#330 = VERTEX_POINT ( 'NONE', #1668 ) ;
#331 = EDGE_CURVE ( 'NONE', #429, #353, #163, .T. ) ;
#332 = CARTESIAN_POINT ( 'NONE',  ( -0.6499999999999999112, 0.4699999999999993072, -1.149999999999999911 ) ) ;
#333 = VERTEX_POINT ( 'NONE', #2237 ) ;
#334 = ORIENTED_EDGE ( 'NONE', *, *, #441, .F. ) ;
#335 = DIRECTION ( 'NONE',  ( -0.1209742911513548291, 0.9852565360152931717, -0.1209742911513548291 ) ) ;
#336 = ORIENTED_EDGE ( 'NONE', *, *, #546, .F. ) ;
#337 = CARTESIAN_POINT ( 'NONE',  ( 0.000000000000000000, 0.09999999999999961697, 0.000000000000000000 ) ) ;
#338 = ORIENTED_EDGE ( 'NONE', *, *, #1673, .T. ) ;
#339 = DIRECTION ( 'NONE',  ( 0.000000000000000000, 0.000000000000000000, 1.000000000000000000 ) ) ;
#340 = EDGE_LOOP ( 'NONE', ( #1140, #186, #2219 ) ) ;
#341 = CARTESIAN_POINT ( 'NONE',  ( 0.6328101614735932579, 0.3299999999999992384, 0.1999999999999999833 ) ) ;
#342 = EDGE_LOOP ( 'NONE', ( #766, #929, #183, #1758 ) ) ;
#343 = DIRECTION ( 'NONE',  ( -3.614007241618348771E-16, -1.000000000000000000, 0.000000000000000000 ) ) ;
#344 = PLANE ( 'NONE',  #1418 ) ;
#345 = ORIENTED_EDGE ( 'NONE', *, *, #1006, .F. ) ;
#346 = EDGE_LOOP ( 'NONE', ( #1415, #2227, #345, #1208 ) ) ;
#347 = ORIENTED_EDGE ( 'NONE', *, *, #1992, .T. ) ;
#348 = VERTEX_POINT ( 'NONE', #2024 ) ;
#349 = AXIS2_PLACEMENT_3D ( 'NONE', #130, #482, #1179 ) ;
#350 = ORIENTED_EDGE ( 'NONE', *, *, #818, .T. ) ;
#351 = VERTEX_POINT ( 'NONE', #1309 ) ;
#352 = EDGE_CURVE ( 'NONE', #1101, #1411, #182, .T. ) ;
#353 = VERTEX_POINT ( 'NONE', #1345 ) ;
#354 = EDGE_CURVE ( 'NONE', #651, #1820, #935, .T. ) ;
#355 = DIRECTION ( 'NONE',  ( 0.000000000000000000, 1.000000000000000000, 0.000000000000000000 ) ) ;
#356 = VERTEX_POINT ( 'NONE', #1287 ) ;
#357 = ORIENTED_EDGE ( 'NONE', *, *, #377, .F. ) ;
#358 = ORIENTED_EDGE ( 'NONE', *, *, #1829, .F. ) ;
#359 = APPLICATION_PROTOCOL_DEFINITION ( 'draft international standard', 'automotive_design', 1998, #190 ) ;
#360 = ORIENTED_EDGE ( 'NONE', *, *, #509, .F. ) ;
#361 = ORIENTED_EDGE ( 'NONE', *, *, #1701, .T. ) ;
#362 = AXIS2_PLACEMENT_3D ( 'NONE', #1131, #1797, #1471 ) ;
#363 = VERTEX_POINT ( 'NONE', #1830 ) ;
#364 = CARTESIAN_POINT ( 'NONE',  ( 0.7050000000000000711, 0.3299999999999992384, -0.1999999999999999833 ) ) ;
#365 = ORIENTED_EDGE ( 'NONE', *, *, #308, .F. ) ;
#366 = ADVANCED_FACE ( 'NONE', ( #175 ), #989, .F. ) ;
#367 = ORIENTED_EDGE ( 'NONE', *, *, #909, .T. ) ;
#368 = DIRECTION ( 'NONE',  ( 1.000000000000000000, -3.614007241618349264E-16, -5.224419336987948372E-31 ) ) ;
#369 = ORIENTED_EDGE ( 'NONE', *, *, #1895, .F. ) ;
#370 = DIRECTION ( 'NONE',  ( -0.000000000000000000, 0.000000000000000000, 1.000000000000000000 ) ) ;
#371 = ORIENTED_EDGE ( 'NONE', *, *, #526, .T. ) ;
#372 = ORIENTED_EDGE ( 'NONE', *, *, #1474, .F. ) ;
#373 = CARTESIAN_POINT ( 'NONE',  ( 0.7250000000000000888, 0.3099999999999992761, 0.1999999999999999833 ) ) ;
#374 = ORIENTED_EDGE ( 'NONE', *, *, #1343, .T. ) ;
#375 = ORIENTED_EDGE ( 'NONE', *, *, #1059, .F. ) ;
#376 = ORIENTED_EDGE ( 'NONE', *, *, #577, .F. ) ;
#377 = EDGE_CURVE ( 'NONE', #351, #1097, #1694, .T. ) ;
#378 = ORIENTED_EDGE ( 'NONE', *, *, #224, .T. ) ;
#379 = ORIENTED_EDGE ( 'NONE', *, *, #1036, .F. ) ;
#380 = EDGE_CURVE ( 'NONE', #2247, #13, #1677, .T. ) ;
#381 = DIRECTION ( 'NONE',  ( 1.000000000000000000, 0.000000000000000000, 0.000000000000000000 ) ) ;
#382 = ORIENTED_EDGE ( 'NONE', *, *, #759, .T. ) ;
#383 = EDGE_CURVE ( 'NONE', #1837, #271, #142, .T. ) ;
#384 = ORIENTED_EDGE ( 'NONE', *, *, #956, .T. ) ;
#385 = ORIENTED_EDGE ( 'NONE', *, *, #1103, .T. ) ;
#386 = CARTESIAN_POINT ( 'NONE',  ( -0.6499999999999999112, 0.4699999999999993072, -1.301118077253801575 ) ) ;
#387 = DIRECTION ( 'NONE',  ( 0.000000000000000000, 0.000000000000000000, -1.000000000000000000 ) ) ;
#388 = DIRECTION ( 'NONE',  ( 0.000000000000000000, 0.000000000000000000, 1.000000000000000000 ) ) ;
#389 = ADVANCED_FACE ( 'NONE', ( #1656 ), #975, .F. ) ;
#390 = VERTEX_POINT ( 'NONE', #1657 ) ;
#391 = ORIENTED_EDGE ( 'NONE', *, *, #1190, .T. ) ;
#392 = ADVANCED_FACE ( 'NONE', ( #892 ), #185, .T. ) ;
#393 =( LENGTH_UNIT ( ) NAMED_UNIT ( * ) SI_UNIT ( .MILLI., .METRE. ) );
#394 = ORIENTED_EDGE ( 'NONE', *, *, #1829, .T. ) ;
#395 = ORIENTED_EDGE ( 'NONE', *, *, #675, .F. ) ;
#396 = SURFACE_STYLE_USAGE ( .BOTH. , #228 ) ;
#397 = EDGE_LOOP ( 'NONE', ( #2231, #198, #1664, #1476, #1727, #1129 ) ) ;
#398 = VERTEX_POINT ( 'NONE', #171 ) ;
#399 = CARTESIAN_POINT ( 'NONE',  ( -0.6499999999999999112, 0.4699999999999993072, -0.7500000000000000000 ) ) ;
#400 = CARTESIAN_POINT ( 'NONE',  ( -0.9593303271435925650, 0.2499999999999999445, -0.7500000000000000000 ) ) ;
#401 = EDGE_LOOP ( 'NONE', ( #202, #1871, #1497, #988 ) ) ;
#402 = ORIENTED_EDGE ( 'NONE', *, *, #54, .T. ) ;
#403 = CARTESIAN_POINT ( 'NONE',  ( -0.6328101614735932579, 0.3299999999999992384, -0.7500000000000000000 ) ) ;
#404 = CARTESIAN_POINT ( 'NONE',  ( -0.5014597896887644790, 0.4699999999999993072, 1.450000000000000178 ) ) ;
#405 = DIRECTION ( 'NONE',  ( 1.000000000000000000, 0.000000000000000000, 0.000000000000000000 ) ) ;
#406 = AXIS2_PLACEMENT_3D ( 'NONE', #1711, #1674, #1846 ) ;
#407 = ORIENTED_EDGE ( 'NONE', *, *, #1773, .T. ) ;
#408 = ORIENTED_EDGE ( 'NONE', *, *, #1732, .F. ) ;
#409 = ADVANCED_FACE ( 'NONE', ( #1644 ), #322, .F. ) ;
#410 = SURFACE_SIDE_STYLE ('',( #1178 ) ) ;
#411 = ORIENTED_EDGE ( 'NONE', *, *, #1992, .F. ) ;
#412 = ORIENTED_EDGE ( 'NONE', *, *, #1783, .F. ) ;
#413 = EDGE_CURVE ( 'NONE', #2141, #1428, #940, .T. ) ;
#414 = ADVANCED_FACE ( 'NONE', ( #196 ), #1622, .T. ) ;
#415 = ORIENTED_EDGE ( 'NONE', *, *, #2018, .F. ) ;
#416 = ORIENTED_EDGE ( 'NONE', *, *, #224, .F. ) ;
#417 = DIRECTION ( 'NONE',  ( -1.000000000000000000, 0.000000000000000000, 0.000000000000000000 ) ) ;
#418 = EDGE_LOOP ( 'NONE', ( #1110, #1814, #1102 ) ) ;
#419 = ORIENTED_EDGE ( 'NONE', *, *, #1248, .T. ) ;
#420 = DIRECTION ( 'NONE',  ( 0.000000000000000000, -0.000000000000000000, -1.000000000000000000 ) ) ;
#421 = CARTESIAN_POINT ( 'NONE',  ( -0.4282554467710112944, 1.119999999999999440, 1.358648457443444979 ) ) ;
#422 = CARTESIAN_POINT ( 'NONE',  ( -0.6045697124659251687, 0.09999999999999961697, 1.271860922782533931 ) ) ;
#423 = CARTESIAN_POINT ( 'NONE',  ( -0.7050000000000000711, 0.3099999999999992761, -1.149999999999999911 ) ) ;
#424 = ORIENTED_EDGE ( 'NONE', *, *, #1250, .T. ) ;
#425 = ORIENTED_EDGE ( 'NONE', *, *, #573, .T. ) ;
#426 = PRODUCT_RELATED_PRODUCT_CATEGORY ( 'part', '', ( #1218 ) ) ;
#427 = CARTESIAN_POINT ( 'NONE',  ( 0.9429842698307482340, 0.01624048975592813637, -0.1999999999999999833 ) ) ;
#428 = VERTEX_POINT ( 'NONE', #2016 ) ;
#429 = VERTEX_POINT ( 'NONE', #147 ) ;
#430 = ADVANCED_FACE ( 'NONE', ( #896 ), #503, .T. ) ;
#431 = ORIENTED_EDGE ( 'NONE', *, *, #682, .T. ) ;
#432 = CIRCLE ( 'NONE', #564, 0.1499999999999999667 ) ;
#433 = ORIENTED_EDGE ( 'NONE', *, *, #2041, .T. ) ;
#434 = AXIS2_PLACEMENT_3D ( 'NONE', #1496, #591, #2182 ) ;
#435 = CARTESIAN_POINT ( 'NONE',  ( -0.7250000000000000888, 0.3099999999999992761, -1.149999999999999911 ) ) ;
#436 = CARTESIAN_POINT ( 'NONE',  ( -0.9593303271435925650, 0.2499999999999999445, 1.149999999999999911 ) ) ;
#437 = CARTESIAN_POINT ( 'NONE',  ( -0.9527501761549258541, 0.1558994567923035202, -0.7500000000000000000 ) ) ;
#438 = ORIENTED_EDGE ( 'NONE', *, *, #1315, .T. ) ;
#439 = CARTESIAN_POINT ( 'NONE',  ( -0.9527501761549258541, 0.1558994567923035202, 1.149999999999999911 ) ) ;
#440 = FACE_OUTER_BOUND ( 'NONE', #1085, .T. ) ;
#441 = EDGE_CURVE ( 'NONE', #1324, #2246, #1625, .T. ) ;
#442 = ORIENTED_EDGE ( 'NONE', *, *, #904, .F. ) ;
#443 = CARTESIAN_POINT ( 'NONE',  ( -0.4282554467710112944, 1.119999999999999440, 1.228255446771011172 ) ) ;
#444 = EDGE_CURVE ( 'NONE', #1067, #2122, #148, .T. ) ;
#445 = VERTEX_POINT ( 'NONE', #878 ) ;
#446 = PLANE ( 'NONE',  #1920 ) ;
#447 = VECTOR ( 'NONE', #1066, 1000.000000000000000 ) ;
#448 = ORIENTED_EDGE ( 'NONE', *, *, #2015, .F. ) ;
#449 = UNCERTAINTY_MEASURE_WITH_UNIT (LENGTH_MEASURE( 1.000000000000000082E-05 ), #1107, 'distance_accuracy_value', 'NONE');
#450 = AXIS2_PLACEMENT_3D ( 'NONE', #1283, #2099, #100 ) ;
#451 = CARTESIAN_POINT ( 'NONE',  ( 1.175234093675822544, 1.411331559185746219E-16, 0.1999999999999999833 ) ) ;
#452 = DIRECTION ( 'NONE',  ( -1.000000000000000000, 0.000000000000000000, -0.000000000000000000 ) ) ;
#453 = DIRECTION ( 'NONE',  ( 0.1378445374916289212, 0.9808148484639890308, 0.1378445374916289212 ) ) ;
#454 = VERTEX_POINT ( 'NONE', #1200 ) ;
#455 = CARTESIAN_POINT ( 'NONE',  ( -0.7050000000000000711, 0.3099999999999992761, -1.149999999999999911 ) ) ;
#456 = VERTEX_POINT ( 'NONE', #288 ) ;
#457 = EDGE_LOOP ( 'NONE', ( #194, #1882, #757, #1723 ) ) ;
#458 = DIRECTION ( 'NONE',  ( 1.000000000000000000, 0.000000000000000000, -0.000000000000000000 ) ) ;
#459 = AXIS2_PLACEMENT_3D ( 'NONE', #926, #1486, #955 ) ;
#460 = ORIENTED_EDGE ( 'NONE', *, *, #1275, .T. ) ;
#461 = EDGE_CURVE ( 'NONE', #428, #1851, #959, .T. ) ;
#462 = AXIS2_PLACEMENT_3D ( 'NONE', #756, #1049, #671 ) ;
#463 = CARTESIAN_POINT ( 'NONE',  ( -0.6328101614735932579, 0.3299999999999992384, -1.149999999999999911 ) ) ;
#464 = DIRECTION ( 'NONE',  ( -0.000000000000000000, 1.000000000000000000, -0.000000000000000000 ) ) ;
#465 = DIRECTION ( 'NONE',  ( 1.000000000000000000, 0.000000000000000000, 0.000000000000000000 ) ) ;
#466 = ORIENTED_EDGE ( 'NONE', *, *, #1834, .T. ) ;
#467 = EDGE_CURVE ( 'NONE', #1339, #2142, #1009, .T. ) ;
#468 = ORIENTED_EDGE ( 'NONE', *, *, #1796, .T. ) ;
#469 = CARTESIAN_POINT ( 'NONE',  ( -1.175234093675822544, 1.411331559185746219E-16, 1.149999999999999911 ) ) ;
#470 = EDGE_LOOP ( 'NONE', ( #378, #713, #1432, #367 ) ) ;
#471 = PLANE ( 'NONE',  #434 ) ;
#472 = SHAPE_DEFINITION_REPRESENTATION ( #2043, #670 ) ;
#473 = AXIS2_PLACEMENT_3D ( 'NONE', #1881, #1565, #2023 ) ;
#474 = AXIS2_PLACEMENT_3D ( 'NONE', #879, #664, #1027 ) ;
#475 = CARTESIAN_POINT ( 'NONE',  ( -0.7050000000000000711, 0.4699999999999991962, -1.149999999999999911 ) ) ;
#476 = CARTESIAN_POINT ( 'NONE',  ( -0.8649999999999998801, 0.3099999999999992761, 0.7500000000000000000 ) ) ;
#477 = DIRECTION ( 'NONE',  ( 0.000000000000000000, 0.1218693434051479618, -0.9925461516413219831 ) ) ;
#478 = CARTESIAN_POINT ( 'NONE',  ( -0.9527501761549258541, 0.1558994567923035202, -0.7500000000000000000 ) ) ;
#479 = LINE ( 'NONE', #1443, #1185 ) ;
#480 = FACE_OUTER_BOUND ( 'NONE', #1815, .T. ) ;
#481 = ADVANCED_FACE ( 'NONE', ( #1013 ), #900, .F. ) ;
#482 = DIRECTION ( 'NONE',  ( 1.000000000000000000, -3.614007241618390975E-15, 0.000000000000000000 ) ) ;
#483 = EDGE_CURVE ( 'NONE', #1857, #1201, #244, .T. ) ;
#484 = CARTESIAN_POINT ( 'NONE',  ( 0.8649999999999998801, 0.3099999999999992761, -0.1999999999999999833 ) ) ;
#485 = DIRECTION ( 'NONE',  ( -1.000000000000000000, 0.000000000000000000, 0.000000000000000000 ) ) ;
#486 = CARTESIAN_POINT ( 'NONE',  ( -1.175234093675822544, 1.411331559185746219E-16, 0.7500000000000000000 ) ) ;
#487 = LINE ( 'NONE', #1398, #1165 ) ;
#488 = EDGE_CURVE ( 'NONE', #743, #1000, #1747, .T. ) ;
#489 = FACE_OUTER_BOUND ( 'NONE', #1525, .T. ) ;
#490 = DIRECTION ( 'NONE',  ( -0.1391731009600657432, 0.9902680687415703620, 0.000000000000000000 ) ) ;
#491 = CARTESIAN_POINT ( 'NONE',  ( -0.7050000000000000711, 0.3299999999999992384, 1.149999999999999911 ) ) ;
#492 = CARTESIAN_POINT ( 'NONE',  ( 0.4282554467710114054, 0.9699999999999995293, 0.000000000000000000 ) ) ;
#493 = DIRECTION ( 'NONE',  ( 0.000000000000000000, 1.000000000000000000, 0.000000000000000000 ) ) ;
#494 = AXIS2_PLACEMENT_3D ( 'NONE', #27, #1042, #679 ) ;
#495 = DIRECTION ( 'NONE',  ( 0.000000000000000000, -0.1391731009600659930, -0.9902680687415703620 ) ) ;
#496 = VECTOR ( 'NONE', #823, 1000.000000000000000 ) ;
#497 = DIRECTION ( 'NONE',  ( 1.000000000000000000, 3.614007241618349264E-16, 5.224419336987948372E-31 ) ) ;
#498 = DIRECTION ( 'NONE',  ( 0.1209742911513548291, 0.9852565360152931717, 0.1209742911513548291 ) ) ;
#499 = VECTOR ( 'NONE', #1180, 1000.000000000000000 ) ;
#500 = DIRECTION ( 'NONE',  ( 0.000000000000000000, 0.000000000000000000, 1.000000000000000000 ) ) ;
#501 = FACE_OUTER_BOUND ( 'NONE', #1716, .T. ) ;
#502 = AXIS2_PLACEMENT_3D ( 'NONE', #519, #718, #699 ) ;
#503 = PLANE ( 'NONE',  #321 ) ;
#504 = CIRCLE ( 'NONE', #2007, 0.2343303271435926427 ) ;
#505 = CARTESIAN_POINT ( 'NONE',  ( -0.7050000000000000711, 0.3299999999999992384, -0.7500000000000000000 ) ) ;
#506 = EDGE_CURVE ( 'NONE', #445, #2181, #268, .T. ) ;
#507 = CARTESIAN_POINT ( 'NONE',  ( -1.175234093675822544, 1.411331559185746219E-16, 1.149999999999999911 ) ) ;
#508 = CIRCLE ( 'NONE', #502, 0.1499999999999999667 ) ;
#509 = EDGE_CURVE ( 'NONE', #2246, #1361, #230, .T. ) ;
#510 = DIRECTION ( 'NONE',  ( 0.000000000000000000, -0.1218693434051475871, 0.9925461516413219831 ) ) ;
#511 = CIRCLE ( 'NONE', #84, 0.01999999999999994491 ) ;
#512 = DIRECTION ( 'NONE',  ( 0.9975640502598241977, 0.06975647374412544122, -0.000000000000000000 ) ) ;
#513 = LINE ( 'NONE', #1390, #2031 ) ;
#514 = CARTESIAN_POINT ( 'NONE',  ( 0.4718609227825337205, 0.2499999999999995837, 1.271860922782533931 ) ) ;
#515 = CIRCLE ( 'NONE', #1094, 0.1499999999999999944 ) ;
#516 = AXIS2_PLACEMENT_3D ( 'NONE', #1082, #57, #741 ) ;
#517 = CARTESIAN_POINT ( 'NONE',  ( -0.9593303271435925650, 0.2499999999999999445, 1.149999999999999911 ) ) ;
#518 = CARTESIAN_POINT ( 'NONE',  ( 0.7050000000000000711, 0.3099999999999992761, 0.1999999999999999833 ) ) ;
#519 = CARTESIAN_POINT ( 'NONE',  ( 0.4718609227825335539, 0.2499999999999995837, 1.271860922782533931 ) ) ;
#520 = CIRCLE ( 'NONE', #16, 0.1500000000000000777 ) ;
#521 = FACE_OUTER_BOUND ( 'NONE', #1406, .T. ) ;
#522 = AXIS2_PLACEMENT_3D ( 'NONE', #1766, #765, #1100 ) ;
#523 = FACE_OUTER_BOUND ( 'NONE', #2147, .T. ) ;
#524 = CARTESIAN_POINT ( 'NONE',  ( 1.185000000000000053, 0.1396589670363756475, 0.1999999999999999833 ) ) ;
#525 = VECTOR ( 'NONE', #537, 1000.000000000000000 ) ;
#526 = EDGE_CURVE ( 'NONE', #1160, #797, #207, .T. ) ;
#527 = CARTESIAN_POINT ( 'NONE',  ( -0.6328101614735932579, 0.3299999999999992384, 1.149999999999999911 ) ) ;
#528 = DIRECTION ( 'NONE',  ( -1.000000000000000000, 0.000000000000000000, 0.000000000000000000 ) ) ;
#529 = FACE_OUTER_BOUND ( 'NONE', #1045, .T. ) ;
#530 = EDGE_CURVE ( 'NONE', #1115, #1394, #211, .T. ) ;
#531 = CARTESIAN_POINT ( 'NONE',  ( 0.4718609227825337205, 0.09999999999999961697, 1.271860922782533931 ) ) ;
#532 = LINE ( 'NONE', #869, #1272 ) ;
#533 = VECTOR ( 'NONE', #646, 1000.000000000000000 ) ;
#534 = CARTESIAN_POINT ( 'NONE',  ( 0.9527501761549258541, 0.1558994567923035202, 0.1999999999999999833 ) ) ;
#535 = CARTESIAN_POINT ( 'NONE',  ( 0.5977191919462615521, 0.8419972786873496373, 1.249178981635025831 ) ) ;
#536 = FACE_OUTER_BOUND ( 'NONE', #401, .T. ) ;
#537 = DIRECTION ( 'NONE',  ( 1.000000000000000000, 0.000000000000000000, 0.000000000000000000 ) ) ;
#538 = CARTESIAN_POINT ( 'NONE',  ( -1.175234093675822544, 1.411331559185746219E-16, -0.7500000000000000000 ) ) ;
#539 = DIRECTION ( 'NONE',  ( -0.000000000000000000, -0.000000000000000000, -1.000000000000000000 ) ) ;
#540 = FACE_OUTER_BOUND ( 'NONE', #1362, .T. ) ;
#541 = CARTESIAN_POINT ( 'NONE',  ( 0.7050000000000000711, 0.3099999999999992761, 0.1999999999999999833 ) ) ;
#542 = FACE_OUTER_BOUND ( 'NONE', #1061, .T. ) ;
#543 = CARTESIAN_POINT ( 'NONE',  ( -0.6328101614735932579, 0.3299999999999992384, -0.7500000000000000000 ) ) ;
#544 = EDGE_CURVE ( 'NONE', #271, #613, #261, .T. ) ;
#545 = ADVANCED_FACE ( 'NONE', ( #1706 ), #1952, .F. ) ;
#546 = EDGE_CURVE ( 'NONE', #1787, #329, #972, .T. ) ;
#547 = DIRECTION ( 'NONE',  ( -1.000000000000000000, 0.000000000000000000, 0.000000000000000000 ) ) ;
#548 = ORIENTED_EDGE ( 'NONE', *, *, #1900, .F. ) ;
#549 = EDGE_CURVE ( 'NONE', #1160, #1861, #216, .T. ) ;
#550 = DIRECTION ( 'NONE',  ( -1.000000000000000000, 0.000000000000000000, 0.000000000000000000 ) ) ;
#551 = FACE_OUTER_BOUND ( 'NONE', #1187, .T. ) ;
#552 = ORIENTED_EDGE ( 'NONE', *, *, #1530, .F. ) ;
#553 = DIRECTION ( 'NONE',  ( 1.000000000000000000, 0.000000000000000000, 0.000000000000000000 ) ) ;
#554 =( NAMED_UNIT ( * ) PLANE_ANGLE_UNIT ( ) SI_UNIT ( $, .RADIAN. ) );
#555 = CARTESIAN_POINT ( 'NONE',  ( -0.6499999999999999112, 0.4699999999999993072, 1.450000000000000178 ) ) ;
#556 = CIRCLE ( 'NONE', #2221, 0.1499999999999999667 ) ;
#557 = ORIENTED_EDGE ( 'NONE', *, *, #1778, .F. ) ;
#558 = DIRECTION ( 'NONE',  ( -0.000000000000000000, -0.000000000000000000, -1.000000000000000000 ) ) ;
#559 = LINE ( 'NONE', #1646, #1341 ) ;
#560 = ORIENTED_EDGE ( 'NONE', *, *, #1895, .T. ) ;
#561 = VECTOR ( 'NONE', #15, 1000.000000000000000 ) ;
#562 = DIRECTION ( 'NONE',  ( 0.1218693434051474900, 0.9925461516413219831, 0.000000000000000000 ) ) ;
#563 = ORIENTED_EDGE ( 'NONE', *, *, #544, .F. ) ;
#564 = AXIS2_PLACEMENT_3D ( 'NONE', #1946, #2107, #760 ) ;
#565 = LINE ( 'NONE', #2072, #605 ) ;
#566 = DIRECTION ( 'NONE',  ( -0.000000000000000000, -0.000000000000000000, -1.000000000000000000 ) ) ;
#567 = CARTESIAN_POINT ( 'NONE',  ( -0.4718609227825336094, 0.2317195984892274074, 1.420742845528732090 ) ) ;
#568 = DIRECTION ( 'NONE',  ( 0.9975640502598243087, 0.06975647374412513591, 0.000000000000000000 ) ) ;
#569 = AXIS2_PLACEMENT_3D ( 'NONE', #2061, #782, #1215 ) ;
#570 = FACE_OUTER_BOUND ( 'NONE', #470, .T. ) ;
#571 = DIRECTION ( 'NONE',  ( 1.000000000000000000, 0.000000000000000000, 0.000000000000000000 ) ) ;
#572 = LINE ( 'NONE', #1806, #2093 ) ;
#573 = EDGE_CURVE ( 'NONE', #1440, #1067, #963, .T. ) ;
#574 = CARTESIAN_POINT ( 'NONE',  ( -0.8650000000000001021, 0.2500000000000000000, -0.7500000000000000000 ) ) ;
#575 = LINE ( 'NONE', #1104, #2056 ) ;
#577 = EDGE_CURVE ( 'NONE', #1515, #1712, #1029, .T. ) ;
#576 = CARTESIAN_POINT ( 'NONE',  ( -0.9593303271435925650, 0.2499999999999999445, 1.149999999999999911 ) ) ;
#578 = VECTOR ( 'NONE', #2131, 1000.000000000000000 ) ;
#579 = EDGE_LOOP ( 'NONE', ( #2212, #962, #1041 ) ) ;
#580 = CARTESIAN_POINT ( 'NONE',  ( 0.6499999999999999112, 0.4699999999999993072, 0.1999999999999999833 ) ) ;
#581 = ADVANCED_FACE ( 'NONE', ( #1742 ), #1935, .F. ) ;
#582 = DIRECTION ( 'NONE',  ( 0.1378445374916289212, -0.9808148484639891418, -0.1378445374916289212 ) ) ;
#583 = ADVANCED_FACE ( 'NONE', ( #1017 ), #1003, .T. ) ;
#584 = LINE ( 'NONE', #1609, #1325 ) ;
#585 = CARTESIAN_POINT ( 'NONE',  ( -0.5586484574434450456, 0.9908759651440094407, 1.376795657082247049 ) ) ;
#586 = LINE ( 'NONE', #888, #1323 ) ;
#587 = AXIS2_PLACEMENT_3D ( 'NONE', #2233, #1033, #859 ) ;
#588 = CARTESIAN_POINT ( 'NONE',  ( -0.7250000000000000888, 0.2500000000000000000, -1.149999999999999911 ) ) ;
#589 = ORIENTED_EDGE ( 'NONE', *, *, #2249, .T. ) ;
#590 = LINE ( 'NONE', #234, #1304 ) ;
#591 = DIRECTION ( 'NONE',  ( 0.000000000000000000, 0.1391731009600657432, 0.9902680687415703620 ) ) ;
#592 = AXIS2_PLACEMENT_3D ( 'NONE', #2137, #107, #458 ) ;
#593 = PLANE ( 'NONE',  #72 ) ;
#594 = CARTESIAN_POINT ( 'NONE',  ( -0.9527501761549258541, 0.1558994567923035202, 1.149999999999999911 ) ) ;
#595 = CARTESIAN_POINT ( 'NONE',  ( 0.6499999999999999112, 0.4699999999999993072, -0.1999999999999999833 ) ) ;
#596 = LINE ( 'NONE', #1643, #1353 ) ;
#597 = ORIENTED_EDGE ( 'NONE', *, *, #981, .F. ) ;
#598 = EDGE_CURVE ( 'NONE', #1857, #245, #1710, .T. ) ;
#599 = VECTOR ( 'NONE', #2211, 1000.000000000000000 ) ;
#600 = VERTEX_POINT ( 'NONE', #32 ) ;
#601 = LINE ( 'NONE', #574, #2108 ) ;
#602 = ORIENTED_EDGE ( 'NONE', *, *, #907, .F. ) ;
#603 = CARTESIAN_POINT ( 'NONE',  ( -0.6207428455287318236, 0.2317195984892274074, 1.404569712465925102 ) ) ;
#604 = ORIENTED_EDGE ( 'NONE', *, *, #1834, .F. ) ;
#605 = VECTOR ( 'NONE', #225, 1000.000000000000114 ) ;
#606 = ORIENTED_EDGE ( 'NONE', *, *, #1707, .F. ) ;
#607 = CARTESIAN_POINT ( 'NONE',  ( -0.9527501761549258541, 0.1558994567923035202, 1.149999999999999911 ) ) ;
#608 = SURFACE_STYLE_USAGE ( .BOTH. , #938 ) ;
#609 = SURFACE_SIDE_STYLE ('',( #2140 ) ) ;
#610 = VERTEX_POINT ( 'NONE', #181 ) ;
#611 = CARTESIAN_POINT ( 'NONE',  ( -0.9593303271435925650, 0.2499999999999999445, -0.7500000000000000000 ) ) ;
#612 = CYLINDRICAL_SURFACE ( 'NONE', #1553, 0.09433032714359249060 ) ;
#613 = VERTEX_POINT ( 'NONE', #1211 ) ;
#614 = FACE_OUTER_BOUND ( 'NONE', #1117, .T. ) ;
#615 = EDGE_LOOP ( 'NONE', ( #1936, #1888, #1903, #1543 ) ) ;
#616 = DIRECTION ( 'NONE',  ( 0.000000000000000000, 1.000000000000000000, 0.000000000000000000 ) ) ;
#617 = LINE ( 'NONE', #1970, #1366 ) ;
#618 = ORIENTED_EDGE ( 'NONE', *, *, #1796, .F. ) ;
#619 = EDGE_LOOP ( 'NONE', ( #1298, #1199, #1963, #466 ) ) ;
#620 = DIRECTION ( 'NONE',  ( 0.06975647374412498325, -0.9975640502598243087, -0.000000000000000000 ) ) ;
#621 = DIRECTION ( 'NONE',  ( 1.000000000000000000, -0.000000000000000000, -0.000000000000000000 ) ) ;
#622 = ORIENTED_EDGE ( 'NONE', *, *, #90, .F. ) ;
#623 = AXIS2_PLACEMENT_3D ( 'NONE', #1826, #465, #2001 ) ;
#624 = FACE_OUTER_BOUND ( 'NONE', #984, .T. ) ;
#625 = ORIENTED_EDGE ( 'NONE', *, *, #1676, .T. ) ;
#626 = DIRECTION ( 'NONE',  ( -1.000000000000000000, 0.000000000000000000, 0.000000000000000000 ) ) ;
#627 = EDGE_CURVE ( 'NONE', #1147, #2181, #273, .T. ) ;
#628 = DIRECTION ( 'NONE',  ( 0.000000000000000000, 0.000000000000000000, -1.000000000000000000 ) ) ;
#629 = SPHERICAL_SURFACE ( 'NONE', #623, 0.1499999999999999944 ) ;
#630 = DIRECTION ( 'NONE',  ( 0.1218693434051474761, -0.9925461516413219831, 0.000000000000000000 ) ) ;
#631 = DIRECTION ( 'NONE',  ( -0.000000000000000000, -0.000000000000000000, -1.000000000000000000 ) ) ;
#632 = VERTEX_POINT ( 'NONE', #364 ) ;
#633 = LINE ( 'NONE', #1685, #1338 ) ;
#634 = ORIENTED_EDGE ( 'NONE', *, *, #308, .T. ) ;
#635 = EDGE_CURVE ( 'NONE', #1494, #1789, #287, .T. ) ;
#636 = FACE_OUTER_BOUND ( 'NONE', #1902, .T. ) ;
#637 = EDGE_LOOP ( 'NONE', ( #424, #1855, #415, #213 ) ) ;
#638 = VECTOR ( 'NONE', #621, 1000.000000000000000 ) ;
#639 = EDGE_LOOP ( 'NONE', ( #1547, #408, #1184, #1555 ) ) ;
#640 = DIRECTION ( 'NONE',  ( 1.000000000000000000, 0.000000000000000000, -1.445602896647339114E-15 ) ) ;
#641 = ORIENTED_EDGE ( 'NONE', *, *, #1506, .F. ) ;
#642 = DIRECTION ( 'NONE',  ( 1.000000000000000000, 0.000000000000000000, 0.000000000000000000 ) ) ;
#643 = CIRCLE ( 'NONE', #1683, 0.2343303271435926427 ) ;
#644 = ORIENTED_EDGE ( 'NONE', *, *, #1007, .F. ) ;
#645 = DIRECTION ( 'NONE',  ( -0.000000000000000000, -0.000000000000000000, -1.000000000000000000 ) ) ;
#646 = DIRECTION ( 'NONE',  ( -0.000000000000000000, -0.000000000000000000, -1.000000000000000000 ) ) ;
#647 = LINE ( 'NONE', #2191, #1448 ) ;
#648 = PLANE ( 'NONE',  #1939 ) ;
#649 = VERTEX_POINT ( 'NONE', #524 ) ;
#650 = VECTOR ( 'NONE', #1319, 1000.000000000000000 ) ;
#651 = VERTEX_POINT ( 'NONE', #2111 ) ;
#652 = AXIS2_PLACEMENT_3D ( 'NONE', #974, #850, #2196 ) ;
#653 = CARTESIAN_POINT ( 'NONE',  ( -0.8649999999999998801, 0.3099999999999992761, -0.7500000000000000000 ) ) ;
#654 = CIRCLE ( 'NONE', #53, 0.01999999999999994491 ) ;
#655 = DIRECTION ( 'NONE',  ( -1.000000000000000000, -0.000000000000000000, -0.000000000000000000 ) ) ;
#656 = ORIENTED_EDGE ( 'NONE', *, *, #863, .T. ) ;
#657 = FACE_OUTER_BOUND ( 'NONE', #1490, .T. ) ;
#658 = ORIENTED_EDGE ( 'NONE', *, *, #1007, .T. ) ;
#659 = DIRECTION ( 'NONE',  ( 0.000000000000000000, 0.1218693434051479618, 0.9925461516413219831 ) ) ;
#660 = ORIENTED_EDGE ( 'NONE', *, *, #94, .F. ) ;
#661 = VECTOR ( 'NONE', #911, 1000.000000000000114 ) ;
#662 = ORIENTED_EDGE ( 'NONE', *, *, #1776, .F. ) ;
#663 = DIRECTION ( 'NONE',  ( -1.000000000000000000, 0.000000000000000000, 1.445602896647339114E-15 ) ) ;
#664 = DIRECTION ( 'NONE',  ( -0.9902680687415703620, 0.1391731009600657432, 0.000000000000000000 ) ) ;
#665 = CIRCLE ( 'NONE', #1130, 0.2343303271435926427 ) ;
#666 = EDGE_LOOP ( 'NONE', ( #1392, #1956, #618, #419 ) ) ;
#667 = PLANE ( 'NONE',  #1844 ) ;
#668 = LINE ( 'NONE', #491, #1488 ) ;
#669 = ORIENTED_EDGE ( 'NONE', *, *, #526, .F. ) ;
#670 = ADVANCED_BREP_SHAPE_REPRESENTATION ( 'L8050QLT1G', ( #996, #260, #188, #20, #897 ), #1689 ) ;
#671 = DIRECTION ( 'NONE',  ( -0.06975647374412499713, 0.9975640502598243087, 0.000000000000000000 ) ) ;
#672 = CARTESIAN_POINT ( 'NONE',  ( -0.7050000000000000711, 0.3099999999999992761, -0.7500000000000000000 ) ) ;
#673 = FACE_OUTER_BOUND ( 'NONE', #666, .T. ) ;
#674 = ORIENTED_EDGE ( 'NONE', *, *, #1596, .F. ) ;
#675 = EDGE_CURVE ( 'NONE', #456, #1122, #1026, .T. ) ;
#676 = ORIENTED_EDGE ( 'NONE', *, *, #791, .T. ) ;
#677 = DIRECTION ( 'NONE',  ( 0.000000000000000000, -1.445602896647339706E-15, 1.000000000000000000 ) ) ;
#678 = EDGE_CURVE ( 'NONE', #248, #738, #221, .T. ) ;
#679 = DIRECTION ( 'NONE',  ( 1.000000000000000000, 0.000000000000000000, 0.000000000000000000 ) ) ;
#680 = VECTOR ( 'NONE', #1782, 1000.000000000000000 ) ;
#681 = ORIENTED_EDGE ( 'NONE', *, *, #1190, .F. ) ;
#682 = EDGE_CURVE ( 'NONE', #1101, #1358, #1722, .T. ) ;
#683 = CARTESIAN_POINT ( 'NONE',  ( -0.9527501761549258541, 0.1558994567923035202, 0.7500000000000000000 ) ) ;
#684 = LINE ( 'NONE', #1767, #696 ) ;
#685 = ORIENTED_EDGE ( 'NONE', *, *, #950, .T. ) ;
#686 = DIRECTION ( 'NONE',  ( -3.614007241618348771E-16, 0.000000000000000000, 1.000000000000000000 ) ) ;
#687 = FACE_OUTER_BOUND ( 'NONE', #762, .T. ) ;
#688 = ORIENTED_EDGE ( 'NONE', *, *, #2125, .F. ) ;
#689 = VECTOR ( 'NONE', #1186, 1000.000000000000000 ) ;
#690 = EDGE_LOOP ( 'NONE', ( #1449, #2204, #641, #1919 ) ) ;
#691 = DIRECTION ( 'NONE',  ( -1.000000000000000000, -3.614007241618390975E-15, 0.000000000000000000 ) ) ;
#692 = DIRECTION ( 'NONE',  ( 0.000000000000000000, 0.000000000000000000, -1.000000000000000000 ) ) ;
#693 = VECTOR ( 'NONE', #1688, 1000.000000000000000 ) ;
#694 = ORIENTED_EDGE ( 'NONE', *, *, #1993, .F. ) ;
#695 = CARTESIAN_POINT ( 'NONE',  ( 0.6500000000000000222, 0.4699999999999993072, 1.301118077253801575 ) ) ;
#696 = VECTOR ( 'NONE', #1937, 1000.000000000000114 ) ;
#697 = ORIENTED_EDGE ( 'NONE', *, *, #1645, .T. ) ;
#698 = DIRECTION ( 'NONE',  ( -0.000000000000000000, -0.000000000000000000, -1.000000000000000000 ) ) ;
#699 = DIRECTION ( 'NONE',  ( -1.084202172485504631E-15, 1.000000000000000000, 0.000000000000000000 ) ) ;
#700 = ORIENTED_EDGE ( 'NONE', *, *, #1387, .F. ) ;
#701 = CYLINDRICAL_SURFACE ( 'NONE', #796, 0.1499999999999999667 ) ;
#702 = ORIENTED_EDGE ( 'NONE', *, *, #257, .F. ) ;
#703 = CARTESIAN_POINT ( 'NONE',  ( 0.5014597896887642570, 0.4699999999999993072, -1.450000000000000178 ) ) ;
#704 = ORIENTED_EDGE ( 'NONE', *, *, #1291, .F. ) ;
#705 = LINE ( 'NONE', #887, #1410 ) ;
#706 = EDGE_LOOP ( 'NONE', ( #1133, #375, #2103, #1422 ) ) ;
#707 = CARTESIAN_POINT ( 'NONE',  ( -0.6499999999999999112, 0.4699999999999993072, 1.149999999999999911 ) ) ;
#708 = LINE ( 'NONE', #971, #1351 ) ;
#709 = ORIENTED_EDGE ( 'NONE', *, *, #444, .F. ) ;
#710 = STYLED_ITEM ( 'NONE', ( #1408 ), #996 ) ;
#711 = ORIENTED_EDGE ( 'NONE', *, *, #506, .T. ) ;
#712 = CARTESIAN_POINT ( 'NONE',  ( -0.7250000000000000888, 0.3099999999999992761, -0.7500000000000000000 ) ) ;
#713 = ORIENTED_EDGE ( 'NONE', *, *, #380, .F. ) ;
#714 = DIRECTION ( 'NONE',  ( -0.000000000000000000, -0.000000000000000000, -1.000000000000000000 ) ) ;
#715 = VECTOR ( 'NONE', #1060, 1000.000000000000000 ) ;
#716 = ORIENTED_EDGE ( 'NONE', *, *, #1530, .T. ) ;
#717 = EDGE_CURVE ( 'NONE', #600, #319, #1719, .T. ) ;
#718 = DIRECTION ( 'NONE',  ( 1.000000000000000000, 1.084202172485504828E-15, 1.331232876786082719E-16 ) ) ;
#719 = ORIENTED_EDGE ( 'NONE', *, *, #255, .T. ) ;
#720 = CYLINDRICAL_SURFACE ( 'NONE', #291, 0.1499999999999999667 ) ;
#721 = ORIENTED_EDGE ( 'NONE', *, *, #1056, .T. ) ;
#722 = EDGE_CURVE ( 'NONE', #1789, #1969, #1714, .T. ) ;
#723 = FACE_OUTER_BOUND ( 'NONE', #1318, .T. ) ;
#724 = VERTEX_POINT ( 'NONE', #964 ) ;
#725 = CYLINDRICAL_SURFACE ( 'NONE', #1024, 0.1499999999999999667 ) ;
#726 = ORIENTED_EDGE ( 'NONE', *, *, #810, .F. ) ;
#727 = CARTESIAN_POINT ( 'NONE',  ( -0.9429842698307482340, 0.01624048975592813637, -0.7500000000000000000 ) ) ;
#728 = ADVANCED_FACE ( 'NONE', ( #226 ), #471, .T. ) ;
#729 = CLOSED_SHELL ( 'NONE', ( #290, #1487, #1091, #776, #1253, #189, #74, #970, #812, #366, #1483, #545, #1977, #2184 ) ) ;
#730 = FACE_OUTER_BOUND ( 'NONE', #1509, .T. ) ;
#731 = EDGE_LOOP ( 'NONE', ( #1838, #1795, #1099, #1121, #1825, #2179 ) ) ;
#732 = DIRECTION ( 'NONE',  ( 0.000000000000000000, 0.000000000000000000, 1.000000000000000000 ) ) ;
#733 = EDGE_LOOP ( 'NONE', ( #1907, #1528, #809, #1748 ) ) ;
#734 = VERTEX_POINT ( 'NONE', #1014 ) ;
#735 = DIRECTION ( 'NONE',  ( 0.000000000000000000, -0.000000000000000000, -1.000000000000000000 ) ) ;
#736 = LINE ( 'NONE', #1713, #7 ) ;
#737 = DIRECTION ( 'NONE',  ( 0.1378445374916301147, -0.9808148484639889197, 0.1378445374916291433 ) ) ;
#738 = VERTEX_POINT ( 'NONE', #1852 ) ;
#739 = VERTEX_POINT ( 'NONE', #118 ) ;
#740 = VECTOR ( 'NONE', #1074, 1000.000000000000000 ) ;
#741 = DIRECTION ( 'NONE',  ( 1.000000000000000000, 0.000000000000000000, -0.000000000000000000 ) ) ;
#742 = ORIENTED_EDGE ( 'NONE', *, *, #1381, .T. ) ;
#743 = VERTEX_POINT ( 'NONE', #830 ) ;
#744 = ORIENTED_EDGE ( 'NONE', *, *, #678, .T. ) ;
#745 = STYLED_ITEM ( 'NONE', ( #1633 ), #260 ) ;
#746 = ORIENTED_EDGE ( 'NONE', *, *, #1954, .F. ) ;
#747 = CLOSED_SHELL ( 'NONE', ( #1053, #1216, #1617, #2102, #1529, #916, #1930, #906, #52, #581, #76, #948, #1040, #792 ) ) ;
#748 = DIRECTION ( 'NONE',  ( -0.1209742911513549124, -0.9852565360152930607, 0.1209742911513548569 ) ) ;
#749 = ADVANCED_FACE ( 'NONE', ( #256 ), #446, .T. ) ;
#750 = ORIENTED_EDGE ( 'NONE', *, *, #904, .T. ) ;
#751 = DIRECTION ( 'NONE',  ( -1.000000000000000000, 0.000000000000000000, 0.000000000000000000 ) ) ;
#752 = VERTEX_POINT ( 'NONE', #1511 ) ;
#753 = EDGE_CURVE ( 'NONE', #275, #2097, #865, .T. ) ;
#754 = LINE ( 'NONE', #1307, #1504 ) ;
#755 = DIRECTION ( 'NONE',  ( 1.000000000000000000, 0.000000000000000000, 0.000000000000000000 ) ) ;
#756 = CARTESIAN_POINT ( 'NONE',  ( -1.175234093675822544, 1.411331559185746219E-16, 1.149999999999999911 ) ) ;
#757 = ORIENTED_EDGE ( 'NONE', *, *, #1079, .T. ) ;
#758 = CIRCLE ( 'NONE', #2068, 0.2343303271435926427 ) ;
#759 = EDGE_CURVE ( 'NONE', #632, #743, #976, .T. ) ;
#760 = DIRECTION ( 'NONE',  ( 1.000000000000000000, 0.000000000000000000, 0.000000000000000000 ) ) ;
#761 = CARTESIAN_POINT ( 'NONE',  ( -0.9527501761549258541, 0.1558994567923035202, -1.149999999999999911 ) ) ;
#762 = EDGE_LOOP ( 'NONE', ( #1191, #1404, #560, #1929 ) ) ;
#763 = DIRECTION ( 'NONE',  ( 0.000000000000000000, 1.000000000000000000, 0.000000000000000000 ) ) ;
#764 = CYLINDRICAL_SURFACE ( 'NONE', #473, 0.1500000000000000222 ) ;
#765 = DIRECTION ( 'NONE',  ( 0.000000000000000000, 1.000000000000000000, -0.000000000000000000 ) ) ;
#766 = ORIENTED_EDGE ( 'NONE', *, *, #1276, .T. ) ;
#767 = DIRECTION ( 'NONE',  ( -1.000000000000000000, 0.000000000000000000, 0.000000000000000000 ) ) ;
#768 = VECTOR ( 'NONE', #250, 1000.000000000000000 ) ;
#769 = CARTESIAN_POINT ( 'NONE',  ( 1.175234093675822544, 1.411331559185746219E-16, 0.1999999999999999833 ) ) ;
#770 = UNCERTAINTY_MEASURE_WITH_UNIT (LENGTH_MEASURE( 1.000000000000000082E-05 ), #1607, 'distance_accuracy_value', 'NONE');
#771 = PLANE ( 'NONE',  #1889 ) ;
#772 = DIRECTION ( 'NONE',  ( -0.06975647374412545509, 0.9975640502598243087, 0.000000000000000000 ) ) ;
#773 = ADVANCED_FACE ( 'NONE', ( #236 ), #1700, .T. ) ;
#774 = VECTOR ( 'NONE', #763, 1000.000000000000000 ) ;
#775 = SPHERICAL_SURFACE ( 'NONE', #1064, 0.1499999999999999944 ) ;
#776 = ADVANCED_FACE ( 'NONE', ( #1724 ), #1801, .F. ) ;
#777 = ORIENTED_EDGE ( 'NONE', *, *, #1645, .F. ) ;
#778 = LINE ( 'NONE', #154, #65 ) ;
#779 = AXIS2_PLACEMENT_3D ( 'NONE', #1692, #1867, #2198 ) ;
#780 = AXIS2_PLACEMENT_3D ( 'NONE', #1592, #1746, #1030 ) ;
#781 = CARTESIAN_POINT ( 'NONE',  ( 0.7250000000000000888, 0.3099999999999992761, -0.1999999999999999833 ) ) ;
#782 = DIRECTION ( 'NONE',  ( 2.031662377430130076E-16, 1.445602896647339508E-15, -1.000000000000000000 ) ) ;
#783 = STYLED_ITEM ( 'NONE', ( #1532 ), #20 ) ;
#784 = EDGE_CURVE ( 'NONE', #1712, #445, #990, .T. ) ;
#785 = PRODUCT_DEFINITION_CONTEXT ( 'detailed design', #190, 'design' ) ;
#786 = VERTEX_POINT ( 'NONE', #140 ) ;
#787 = LINE ( 'NONE', #847, #816 ) ;
#788 = DIRECTION ( 'NONE',  ( 0.000000000000000000, 0.000000000000000000, 1.000000000000000000 ) ) ;
#789 = DIRECTION ( 'NONE',  ( 1.000000000000000000, 0.000000000000000000, 0.000000000000000000 ) ) ;
#790 = ORIENTED_EDGE ( 'NONE', *, *, #1624, .T. ) ;
#791 = EDGE_CURVE ( 'NONE', #1906, #319, #983, .T. ) ;
#792 = ADVANCED_FACE ( 'NONE', ( #1736 ), #289, .F. ) ;
#793 = APPLICATION_CONTEXT ( 'automotive_design' ) ;
#794 = ORIENTED_EDGE ( 'NONE', *, *, #197, .F. ) ;
#795 = VECTOR ( 'NONE', #1686, 1000.000000000000000 ) ;
#796 = AXIS2_PLACEMENT_3D ( 'NONE', #311, #642, #1539 ) ;
#797 = VERTEX_POINT ( 'NONE', #1302 ) ;
#798 = VECTOR ( 'NONE', #1822, 1000.000000000000000 ) ;
#799 = CARTESIAN_POINT ( 'NONE',  ( -0.6498945877798972814, 0.4707492538278116312, 1.388712768947772291 ) ) ;
#800 = CARTESIAN_POINT ( 'NONE',  ( -0.5014597896887643680, 0.4699999999999993072, -1.450000000000000178 ) ) ;
#801 = ORIENTED_EDGE ( 'NONE', *, *, #94, .T. ) ;
#802 = VECTOR ( 'NONE', #1019, 1000.000000000000000 ) ;
#803 = DIRECTION ( 'NONE',  ( 1.000000000000000000, -0.000000000000000000, -0.000000000000000000 ) ) ;
#804 = DIRECTION ( 'NONE',  ( -0.000000000000000000, -0.000000000000000000, -1.000000000000000000 ) ) ;
#805 = PLANE ( 'NONE',  #1638 ) ;
#806 = ORIENTED_EDGE ( 'NONE', *, *, #1111, .F. ) ;
#807 = FACE_OUTER_BOUND ( 'NONE', #1376, .T. ) ;
#808 = DIRECTION ( 'NONE',  ( -1.000000000000000000, 0.000000000000000000, -0.000000000000000000 ) ) ;
#809 = ORIENTED_EDGE ( 'NONE', *, *, #54, .F. ) ;
#810 = EDGE_CURVE ( 'NONE', #1861, #1738, #247, .T. ) ;
#811 = VECTOR ( 'NONE', #1482, 1000.000000000000000 ) ;
#812 = ADVANCED_FACE ( 'NONE', ( #1457 ), #2180, .T. ) ;
#813 = ADVANCED_FACE ( 'NONE', ( #1395 ), #1436, .T. ) ;
#814 = ORIENTED_EDGE ( 'NONE', *, *, #1596, .T. ) ;
#815 = EDGE_CURVE ( 'NONE', #1087, #456, #2165, .T. ) ;
#816 = VECTOR ( 'NONE', #874, 999.9999999999998863 ) ;
#818 = EDGE_CURVE ( 'NONE', #1851, #752, #2226, .T. ) ;
#817 = DIRECTION ( 'NONE',  ( -0.000000000000000000, -0.000000000000000000, -1.000000000000000000 ) ) ;
#819 = ORIENTED_EDGE ( 'NONE', *, *, #1580, .F. ) ;
#820 = LINE ( 'NONE', #2082, #798 ) ;
#821 = CARTESIAN_POINT ( 'NONE',  ( -0.7050000000000000711, 0.3099999999999992761, 1.149999999999999911 ) ) ;
#822 = FILL_AREA_STYLE ('',( #1138 ) ) ;
#823 = DIRECTION ( 'NONE',  ( -3.614007241618390975E-15, -1.000000000000000000, 0.000000000000000000 ) ) ;
#824 = FACE_OUTER_BOUND ( 'NONE', #1472, .T. ) ;
#825 = CIRCLE ( 'NONE', #1513, 0.01999999999999994491 ) ;
#826 = AXIS2_PLACEMENT_3D ( 'NONE', #179, #1859, #1548 ) ;
#827 = COLOUR_RGB ( '',0.7921568627450980005, 0.8196078431372548767, 0.9333333333333333481 ) ;
#828 = DIRECTION ( 'NONE',  ( 0.000000000000000000, 0.000000000000000000, 1.000000000000000000 ) ) ;
#829 = FACE_OUTER_BOUND ( 'NONE', #733, .T. ) ;
#830 = CARTESIAN_POINT ( 'NONE',  ( 0.6328101614735932579, 0.3299999999999992384, -0.1999999999999999833 ) ) ;
#831 = LINE ( 'NONE', #1731, #845 ) ;
#832 = PRESENTATION_LAYER_ASSIGNMENT (  '', '', ( #710 ) ) ;
#833 = CARTESIAN_POINT ( 'NONE',  ( -0.7050000000000000711, 0.3099999999999992761, 1.149999999999999911 ) ) ;
#834 = DIRECTION ( 'NONE',  ( 1.084202172485504631E-15, 1.000000000000000000, 0.000000000000000000 ) ) ;
#835 = CARTESIAN_POINT ( 'NONE',  ( -0.6499999999999999112, 0.4699999999999993072, -1.450000000000000178 ) ) ;
#836 = CIRCLE ( 'NONE', #1798, 0.09433032714359249060 ) ;
#837 = DIRECTION ( 'NONE',  ( -0.000000000000000000, -0.000000000000000000, -1.000000000000000000 ) ) ;
#838 = EDGE_CURVE ( 'NONE', #245, #1953, #665, .T. ) ;
#839 = LINE ( 'NONE', #469, #98 ) ;
#840 = CARTESIAN_POINT ( 'NONE',  ( -0.4282554467710112944, 0.9699999999999995293, 1.228255446771011172 ) ) ;
#841 = LINE ( 'NONE', #2032, #853 ) ;
#842 = EDGE_CURVE ( 'NONE', #947, #1906, #2123, .T. ) ;
#843 = DIRECTION ( 'NONE',  ( 0.000000000000000000, 0.9925461516413219831, -0.1218693434051477398 ) ) ;
#844 = DIRECTION ( 'NONE',  ( 1.000000000000000000, 0.000000000000000000, 0.000000000000000000 ) ) ;
#845 = VECTOR ( 'NONE', #1333, 1000.000000000000000 ) ;
#846 = DIRECTION ( 'NONE',  ( 1.000000000000000000, 0.000000000000000000, 0.000000000000000000 ) ) ;
#847 = CARTESIAN_POINT ( 'NONE',  ( -0.9527501761549258541, 0.1558994567923035202, 0.7500000000000000000 ) ) ;
#848 = CARTESIAN_POINT ( 'NONE',  ( -0.5011180772538016415, 0.4699999999999993072, -1.450000000000000178 ) ) ;
#849 = CARTESIAN_POINT ( 'NONE',  ( -1.175234093675822544, 1.411331559185746219E-16, -0.7500000000000000000 ) ) ;
#850 = DIRECTION ( 'NONE',  ( 0.1209742911513548569, -0.9852565360152930607, 0.1209742911513546626 ) ) ;
#851 = AXIS2_PLACEMENT_3D ( 'NONE', #2026, #1709, #1885 ) ;
#852 = ADVANCED_FACE ( 'NONE', ( #636 ), #2209, .T. ) ;
#853 = VECTOR ( 'NONE', #1352, 1000.000000000000000 ) ;
#854 = CARTESIAN_POINT ( 'NONE',  ( 0.6500000000000000222, 0.4699999999999993072, -1.450000000000000178 ) ) ;
#855 = LINE ( 'NONE', #1296, #135 ) ;
#856 = CARTESIAN_POINT ( 'NONE',  ( 0.5032969313080896123, 0.5060257437448890672, -1.303296931308089768 ) ) ;
#857 = CARTESIAN_POINT ( 'NONE',  ( -0.7050000000000000711, 0.4699999999999991962, -0.7500000000000000000 ) ) ;
#858 = AXIS2_PLACEMENT_3D ( 'NONE', #455, #732, #63 ) ;
#859 = DIRECTION ( 'NONE',  ( 3.614007241618348771E-16, 0.000000000000000000, -1.000000000000000000 ) ) ;
#860 = CARTESIAN_POINT ( 'NONE',  ( -0.8649999999999998801, 0.3099999999999992761, -1.149999999999999911 ) ) ;
#861 = FILL_AREA_STYLE ('',( #156 ) ) ;
#862 = AXIS2_PLACEMENT_3D ( 'NONE', #176, #1570, #343 ) ;
#863 = EDGE_CURVE ( 'NONE', #1477, #356, #2192, .T. ) ;
#864 = CARTESIAN_POINT ( 'NONE',  ( 0.7250000000000000888, 0.2500000000000000000, 0.1999999999999999833 ) ) ;
#865 =( BOUNDED_CURVE ( )  B_SPLINE_CURVE ( 3, ( #980, #1268, #799, #946 ),
 .UNSPECIFIED., .F., .F. ) 
 B_SPLINE_CURVE_WITH_KNOTS ( ( 4, 4 ),
 ( 5.507473601127602869, 7.058897013231571371 ),
 .UNSPECIFIED. ) 
 CURVE ( )  GEOMETRIC_REPRESENTATION_ITEM ( )  RATIONAL_B_SPLINE_CURVE ( ( 1.000000000000000000, 0.8092819073308318290, 0.8092819073308318290, 1.000000000000000000 ) ) 
 REPRESENTATION_ITEM ( '' )  );
#866 = DIRECTION ( 'NONE',  ( 0.000000000000000000, -0.000000000000000000, 1.000000000000000000 ) ) ;
#867 = CARTESIAN_POINT ( 'NONE',  ( 0.9429842698307482340, 0.01624048975592810862, -0.1999999999999999833 ) ) ;
#868 = FACE_OUTER_BOUND ( 'NONE', #706, .T. ) ;
#869 = CARTESIAN_POINT ( 'NONE',  ( -0.6499999999999999112, 0.4699999999999993072, -1.450000000000000178 ) ) ;
#870 = DIRECTION ( 'NONE',  ( 1.000000000000000000, -0.000000000000000000, -0.000000000000000000 ) ) ;
#871 = DIRECTION ( 'NONE',  ( 0.000000000000000000, 0.9902680687415703620, 0.1391731009600657432 ) ) ;
#872 = FACE_OUTER_BOUND ( 'NONE', #4, .T. ) ;
#873 = DIRECTION ( 'NONE',  ( -0.000000000000000000, -0.000000000000000000, -1.000000000000000000 ) ) ;
#874 = DIRECTION ( 'NONE',  ( -0.9975640502598243087, -0.06975647374412514978, 0.000000000000000000 ) ) ;
#875 = LINE ( 'NONE', #1648, #115 ) ;
#876 = CARTESIAN_POINT ( 'NONE',  ( -1.185000000000000053, 0.1396589670363756475, -1.149999999999999911 ) ) ;
#877 = SURFACE_STYLE_FILL_AREA ( #1957 ) ;
#878 = CARTESIAN_POINT ( 'NONE',  ( 0.4718609227825337205, 0.09999999999999961697, -1.271860922782533931 ) ) ;
#879 = CARTESIAN_POINT ( 'NONE',  ( -0.6499999999999999112, 0.4699999999999993072, -1.450000000000000178 ) ) ;
#880 = CARTESIAN_POINT ( 'NONE',  ( -0.9593303271435925650, 0.2499999999999999445, 1.149999999999999911 ) ) ;
#881 = CARTESIAN_POINT ( 'NONE',  ( 0.5887127689477729131, 0.4707492538278111871, 1.449894587779896993 ) ) ;
#882 = AXIS2_PLACEMENT_3D ( 'NONE', #1824, #1090, #2190 ) ;
#883 = EDGE_CURVE ( 'NONE', #1833, #454, #2115, .T. ) ;
#884 = DIRECTION ( 'NONE',  ( -3.614007241618390975E-15, -1.000000000000000000, 0.000000000000000000 ) ) ;
#885 = LINE ( 'NONE', #1850, #106 ) ;
#886 = EDGE_CURVE ( 'NONE', #1820, #1874, #2217, .T. ) ;
#887 = CARTESIAN_POINT ( 'NONE',  ( -0.6328101614735932579, 0.3299999999999992384, 0.7500000000000000000 ) ) ;
#888 = CARTESIAN_POINT ( 'NONE',  ( 0.9429842698307482340, 0.01624048975592813637, 0.1999999999999999833 ) ) ;
#890 = EDGE_CURVE ( 'NONE', #1361, #1097, #2171, .T. ) ;
#889 = CARTESIAN_POINT ( 'NONE',  ( 1.175234093675822544, 1.411331559185746219E-16, 0.1999999999999999833 ) ) ;
#891 = ADVANCED_FACE ( 'NONE', ( #687 ), #612, .F. ) ;
#892 = FACE_OUTER_BOUND ( 'NONE', #1068, .T. ) ;
#893 = DIRECTION ( 'NONE',  ( -1.000000000000000000, 0.000000000000000000, 0.000000000000000000 ) ) ;
#894 = CARTESIAN_POINT ( 'NONE',  ( -0.9429842698307482340, 0.01624048975592813637, -1.149999999999999911 ) ) ;
#895 = AXIS2_PLACEMENT_3D ( 'NONE', #2095, #172, #751 ) ;
#896 = FACE_OUTER_BOUND ( 'NONE', #2210, .T. ) ;
#897 = AXIS2_PLACEMENT_3D ( 'NONE', #1620, #42, #571 ) ;
#898 = VECTOR ( 'NONE', #1840, 1000.000000000000000 ) ;
#899 = CIRCLE ( 'NONE', #2152, 0.09433032714359249060 ) ;
#900 = PLANE ( 'NONE',  #249 ) ;
#901 = CYLINDRICAL_SURFACE ( 'NONE', #1267, 0.1500000000000000777 ) ;
#902 = CARTESIAN_POINT ( 'NONE',  ( 0.8649999999999998801, 0.3099999999999992761, 0.1999999999999999833 ) ) ;
#903 = STYLED_ITEM ( 'NONE', ( #139 ), #188 ) ;
#904 = EDGE_CURVE ( 'NONE', #1831, #429, #654, .T. ) ;
#905 = DIRECTION ( 'NONE',  ( 0.000000000000000000, 0.000000000000000000, -1.000000000000000000 ) ) ;
#906 = ADVANCED_FACE ( 'NONE', ( #1413 ), #253, .F. ) ;
#907 = EDGE_CURVE ( 'NONE', #734, #191, #1421, .T. ) ;
#908 = CIRCLE ( 'NONE', #1243, 0.1499999999999999944 ) ;
#909 = EDGE_CURVE ( 'NONE', #398, #1819, #617, .T. ) ;
#910 = COLOUR_RGB ( '',0.7921568627450980005, 0.8196078431372548767, 0.9333333333333333481 ) ;
#911 = DIRECTION ( 'NONE',  ( 0.1378445374916289212, -0.9808148484639890308, 0.1378445374916289212 ) ) ;
#912 = DIRECTION ( 'NONE',  ( 0.000000000000000000, 0.000000000000000000, 1.000000000000000000 ) ) ;
#913 = DIRECTION ( 'NONE',  ( 1.000000000000000000, 0.000000000000000000, -0.000000000000000000 ) ) ;
#914 = CARTESIAN_POINT ( 'NONE',  ( -0.9429842698307482340, 0.01624048975592810862, -0.7500000000000000000 ) ) ;
#915 = LINE ( 'NONE', #2169, #1642 ) ;
#916 = ADVANCED_FACE ( 'NONE', ( #2185 ), #2121, .F. ) ;
#917 = DIRECTION ( 'NONE',  ( 0.000000000000000000, 0.000000000000000000, 1.000000000000000000 ) ) ;
#918 = VECTOR ( 'NONE', #1439, 1000.000000000000000 ) ;
#919 = AXIS2_PLACEMENT_3D ( 'NONE', #1260, #388, #789 ) ;
#920 = DIRECTION ( 'NONE',  ( -0.000000000000000000, 0.000000000000000000, 1.000000000000000000 ) ) ;
#921 = DIRECTION ( 'NONE',  ( -0.000000000000000000, -0.000000000000000000, -1.000000000000000000 ) ) ;
#922 = EDGE_CURVE ( 'NONE', #13, #329, #2129, .T. ) ;
#923 = ORIENTED_EDGE ( 'NONE', *, *, #1601, .T. ) ;
#924 = DIRECTION ( 'NONE',  ( 0.000000000000000000, 0.000000000000000000, 1.000000000000000000 ) ) ;
#925 = SURFACE_STYLE_USAGE ( .BOTH. , #1285 ) ;
#926 = CARTESIAN_POINT ( 'NONE',  ( -0.5042822195322411716, 0.4290414030041618809, 1.304282219532241216 ) ) ;
#927 = SPHERICAL_SURFACE ( 'NONE', #274, 0.1499999999999999944 ) ;
#928 = EDGE_CURVE ( 'NONE', #363, #610, #1402, .T. ) ;
#929 = ORIENTED_EDGE ( 'NONE', *, *, #1348, .F. ) ;
#930 =( NAMED_UNIT ( * ) PLANE_ANGLE_UNIT ( ) SI_UNIT ( $, .RADIAN. ) );
#931 = ORIENTED_EDGE ( 'NONE', *, *, #1111, .T. ) ;
#932 = CARTESIAN_POINT ( 'NONE',  ( 0.5767956570822468931, 0.9908759651440094407, 1.358648457443444979 ) ) ;
#933 = ORIENTED_EDGE ( 'NONE', *, *, #1426, .F. ) ;
#934 = STYLED_ITEM ( 'NONE', ( #1947 ), #670 ) ;
#935 = LINE ( 'NONE', #18, #951 ) ;
#936 = ORIENTED_EDGE ( 'NONE', *, *, #91, .F. ) ;
#937 = DIRECTION ( 'NONE',  ( -0.000000000000000000, -0.000000000000000000, -1.000000000000000000 ) ) ;
#938 = SURFACE_SIDE_STYLE ('',( #877 ) ) ;
#939 = CARTESIAN_POINT ( 'NONE',  ( -1.185000000000000053, 0.1396589670363756475, 1.149999999999999911 ) ) ;
#940 = CIRCLE ( 'NONE', #1288, 0.1500000000000000222 ) ;
#941 = ORIENTED_EDGE ( 'NONE', *, *, #2117, .T. ) ;
#942 = CARTESIAN_POINT ( 'NONE',  ( 0.5586484574434451567, 0.9908759651440094407, -1.376795657082247049 ) ) ;
#943 = AXIS2_PLACEMENT_3D ( 'NONE', #712, #547, #1623 ) ;
#944 = DIRECTION ( 'NONE',  ( -0.000000000000000000, -0.000000000000000000, -1.000000000000000000 ) ) ;
#945 = ORIENTED_EDGE ( 'NONE', *, *, #1598, .F. ) ;
#946 = CARTESIAN_POINT ( 'NONE',  ( -0.6499999999999999112, 0.4699999999999993072, 1.301459789688764301 ) ) ;
#947 = VERTEX_POINT ( 'NONE', #1628 ) ;
#948 = ADVANCED_FACE ( 'NONE', ( #673 ), #805, .F. ) ;
#949 = ADVANCED_FACE ( 'NONE', ( #723 ), #629, .T. ) ;
#950 = EDGE_CURVE ( 'NONE', #319, #734, #1464, .T. ) ;
#951 = VECTOR ( 'NONE', #1037, 1000.000000000000000 ) ;
#952 = ORIENTED_EDGE ( 'NONE', *, *, #886, .F. ) ;
#953 = DIRECTION ( 'NONE',  ( -0.000000000000000000, 1.000000000000000000, -0.000000000000000000 ) ) ;
#954 = FILL_AREA_STYLE_COLOUR ( '', #827 ) ;
#955 = DIRECTION ( 'NONE',  ( 0.000000000000000000, -0.1391731009600656321, -0.9902680687415703620 ) ) ;
#956 = EDGE_CURVE ( 'NONE', #1134, #2246, #708, .T. ) ;
#957 = VECTOR ( 'NONE', #2048, 1000.000000000000227 ) ;
#958 = ORIENTED_EDGE ( 'NONE', *, *, #467, .T. ) ;
#959 = CIRCLE ( 'NONE', #1751, 0.1499999999999999667 ) ;
#960 = DIRECTION ( 'NONE',  ( -3.614007241618390975E-15, -1.000000000000000000, 0.000000000000000000 ) ) ;
#961 = AXIS2_PLACEMENT_3D ( 'NONE', #2059, #243, #1975 ) ;
#962 = ORIENTED_EDGE ( 'NONE', *, *, #1534, .T. ) ;
#963 = LINE ( 'NONE', #399, #1021 ) ;
#964 = CARTESIAN_POINT ( 'NONE',  ( 0.7250000000000000888, 0.3099999999999992761, -0.1999999999999999833 ) ) ;
#965 =( GEOMETRIC_REPRESENTATION_CONTEXT ( 3 ) GLOBAL_UNCERTAINTY_ASSIGNED_CONTEXT ( ( #29 ) ) GLOBAL_UNIT_ASSIGNED_CONTEXT ( ( #393, #1962, #258 ) ) REPRESENTATION_CONTEXT ( 'NONE', 'WORKASPACE' ) );
#966 = ORIENTED_EDGE ( 'NONE', *, *, #1, .F. ) ;
#967 = VECTOR ( 'NONE', #1818, 1000.000000000000000 ) ;
#968 = EDGE_LOOP ( 'NONE', ( #1328, #2078, #681, #2172 ) ) ;
#969 = CARTESIAN_POINT ( 'NONE',  ( -0.6499999999999999112, 0.4699999999999993072, 0.7500000000000000000 ) ) ;
#970 = ADVANCED_FACE ( 'NONE', ( #1357 ), #1862, .F. ) ;
#971 = CARTESIAN_POINT ( 'NONE',  ( 0.6528224298434766038, 0.4499173681481716813, -1.304282219532241216 ) ) ;
#972 = LINE ( 'NONE', #48, #1752 ) ;
#973 = ORIENTED_EDGE ( 'NONE', *, *, #1621, .F. ) ;
#974 = CARTESIAN_POINT ( 'NONE',  ( -0.4718609227825336094, 0.2499999999999995837, -1.271860922782533709 ) ) ;
#975 = PLANE ( 'NONE',  #1524 ) ;
#976 = LINE ( 'NONE', #1996, #264 ) ;
#977 = EDGE_CURVE ( 'NONE', #1173, #1969, #1371, .T. ) ;
#978 = PRESENTATION_LAYER_ASSIGNMENT (  '', '', ( #783 ) ) ;
#979 = ORIENTED_EDGE ( 'NONE', *, *, #1927, .F. ) ;
#981 = EDGE_CURVE ( 'NONE', #390, #275, #647, .T. ) ;
#980 = CARTESIAN_POINT ( 'NONE',  ( -0.5014597896887644790, 0.4699999999999993072, 1.450000000000000178 ) ) ;
#982 = VERTEX_POINT ( 'NONE', #486 ) ;
#983 = LINE ( 'NONE', #1541, #1734 ) ;
#984 = EDGE_LOOP ( 'NONE', ( #746, #1659, #1170, #923 ) ) ;
#985 = CARTESIAN_POINT ( 'NONE',  ( 0.6498945877798972814, 0.4707492538278109095, -1.388712768947772735 ) ) ;
#986 = DIRECTION ( 'NONE',  ( -0.1378445374916289212, 0.9808148484639890308, 0.1378445374916289212 ) ) ;
#987 = VECTOR ( 'NONE', #1046, 1000.000000000000000 ) ;
#988 = ORIENTED_EDGE ( 'NONE', *, *, #64, .T. ) ;
#989 = PLANE ( 'NONE',  #779 ) ;
#990 = CIRCLE ( 'NONE', #146, 0.1499999999999999667 ) ;
#991 = ORIENTED_EDGE ( 'NONE', *, *, #2213, .T. ) ;
#992 = VECTOR ( 'NONE', #97, 1000.000000000000000 ) ;
#993 = DIRECTION ( 'NONE',  ( 0.1209742911513548291, 0.9852565360152931717, -0.1209742911513548291 ) ) ;
#994 = CARTESIAN_POINT ( 'NONE',  ( 0.6499999999999999112, 0.4699999999999993072, -0.1999999999999999833 ) ) ;
#995 = ORIENTED_EDGE ( 'NONE', *, *, #1291, .T. ) ;
#996 = MANIFOLD_SOLID_BREP ( 'Fillet1', #1847 ) ;
#997 = VECTOR ( 'NONE', #1365, 1000.000000000000000 ) ;
#998 = CARTESIAN_POINT ( 'NONE',  ( 0.8650000000000001021, 0.2500000000000000000, 0.1999999999999999833 ) ) ;
#999 =( GEOMETRIC_REPRESENTATION_CONTEXT ( 3 ) GLOBAL_UNCERTAINTY_ASSIGNED_CONTEXT ( ( #1297 ) ) GLOBAL_UNIT_ASSIGNED_CONTEXT ( ( #101, #1604, #86 ) ) REPRESENTATION_CONTEXT ( 'NONE', 'WORKASPACE' ) );
#1000 = VERTEX_POINT ( 'NONE', #595 ) ;
#1001 = CARTESIAN_POINT ( 'NONE',  ( 0.4718609227825337205, 0.2499999999999995837, 1.271860922782533931 ) ) ;
#1002 = SURFACE_STYLE_USAGE ( .BOTH. , #609 ) ;
#1003 = CYLINDRICAL_SURFACE ( 'NONE', #1974, 0.1499999999999999667 ) ;
#1004 = ORIENTED_EDGE ( 'NONE', *, *, #1601, .F. ) ;
#1005 = DIRECTION ( 'NONE',  ( -0.9975640502598243087, -0.06975647374412514978, 0.000000000000000000 ) ) ;
#1006 = EDGE_CURVE ( 'NONE', #1787, #248, #1478, .T. ) ;
#1007 = EDGE_CURVE ( 'NONE', #209, #1361, #1265, .T. ) ;
#1008 = DIRECTION ( 'NONE',  ( 0.9902680687415703620, 0.1391731009600657432, 0.000000000000000000 ) ) ;
#1009 = CIRCLE ( 'NONE', #858, 0.1599999999999998646 ) ;
#1010 = ORIENTED_EDGE ( 'NONE', *, *, #1248, .F. ) ;
#1011 = EDGE_CURVE ( 'NONE', #2166, #1819, #1230, .T. ) ;
#1012 = CARTESIAN_POINT ( 'NONE',  ( -0.6499999999999999112, 0.4699999999999993072, -1.301459789688764523 ) ) ;
#1013 = FACE_OUTER_BOUND ( 'NONE', #1342, .T. ) ;
#1014 = CARTESIAN_POINT ( 'NONE',  ( -0.5014597896887643680, 0.4699999999999993072, -1.450000000000000178 ) ) ;
#1015 = CARTESIAN_POINT ( 'NONE',  ( 0.4282554467710114054, 0.9908759651440094407, 1.376795657082247049 ) ) ;
#1016 = ORIENTED_EDGE ( 'NONE', *, *, #1036, .T. ) ;
#1017 = FACE_OUTER_BOUND ( 'NONE', #9, .T. ) ;
#1018 = EDGE_LOOP ( 'NONE', ( #1163, #1944, #1349, #1156 ) ) ;
#1019 = DIRECTION ( 'NONE',  ( -1.000000000000000000, 0.000000000000000000, 0.000000000000000000 ) ) ;
#1020 =( LENGTH_UNIT ( ) NAMED_UNIT ( * ) SI_UNIT ( .MILLI., .METRE. ) );
#1021 = VECTOR ( 'NONE', #1775, 1000.000000000000000 ) ;
#1022 = ORIENTED_EDGE ( 'NONE', *, *, #1864, .F. ) ;
#1023 = DIRECTION ( 'NONE',  ( -1.000000000000000000, 0.000000000000000000, 0.000000000000000000 ) ) ;
#1024 = AXIS2_PLACEMENT_3D ( 'NONE', #158, #335, #659 ) ;
#1025 = DIRECTION ( 'NONE',  ( 1.000000000000000000, 0.000000000000000000, 0.000000000000000000 ) ) ;
#1026 = CIRCLE ( 'NONE', #1725, 0.1599999999999998646 ) ;
#1027 = DIRECTION ( 'NONE',  ( -0.1391731009600657432, -0.9902680687415703620, 0.000000000000000000 ) ) ;
#1028 = DIRECTION ( 'NONE',  ( -0.000000000000000000, -0.000000000000000000, -1.000000000000000000 ) ) ;
#1029 = CIRCLE ( 'NONE', #2197, 0.1500000000000000222 ) ;
#1030 = DIRECTION ( 'NONE',  ( -1.000000000000000000, 0.000000000000000000, 0.000000000000000000 ) ) ;
#1031 = DIRECTION ( 'NONE',  ( -0.9925461516413220942, -0.1218693434051474900, 0.000000000000000000 ) ) ;
#1032 = AXIS2_PLACEMENT_3D ( 'NONE', #1171, #1842, #1154 ) ;
#1033 = DIRECTION ( 'NONE',  ( -1.000000000000000000, -0.000000000000000000, -3.641147805209917871E-16 ) ) ;
#1034 = CARTESIAN_POINT ( 'NONE',  ( 0.7050000000000000711, 0.3099999999999992761, -0.1999999999999999833 ) ) ;
#1035 = PRESENTATION_LAYER_ASSIGNMENT (  '', '', ( #903 ) ) ;
#1036 = EDGE_CURVE ( 'NONE', #1969, #1070, #2020, .T. ) ;
#1037 = DIRECTION ( 'NONE',  ( -1.000000000000000000, 0.000000000000000000, 0.000000000000000000 ) ) ;
#1038 = EDGE_CURVE ( 'NONE', #1445, #1494, #2004, .T. ) ;
#1039 = PLANE ( 'NONE',  #462 ) ;
#1040 = ADVANCED_FACE ( 'NONE', ( #521 ), #344, .T. ) ;
#1041 = ORIENTED_EDGE ( 'NONE', *, *, #2205, .F. ) ;
#1042 = DIRECTION ( 'NONE',  ( -0.000000000000000000, 0.000000000000000000, 1.000000000000000000 ) ) ;
#1043 = ORIENTED_EDGE ( 'NONE', *, *, #174, .T. ) ;
#1044 = CARTESIAN_POINT ( 'NONE',  ( 0.6328101614735932579, 0.3299999999999992384, 0.1999999999999999833 ) ) ;
#1045 = EDGE_LOOP ( 'NONE', ( #2199, #336, #1961, #1466 ) ) ;
#1046 = DIRECTION ( 'NONE',  ( 0.000000000000000000, 0.000000000000000000, 1.000000000000000000 ) ) ;
#1047 = ORIENTED_EDGE ( 'NONE', *, *, #1212, .F. ) ;
#1048 = CARTESIAN_POINT ( 'NONE',  ( 0.6097379946075268675, 0.1420922801987177519, 1.260856071861329086 ) ) ;
#1049 = DIRECTION ( 'NONE',  ( 0.9975640502598243087, 0.06975647374412499713, -0.000000000000000000 ) ) ;
#1050 = CARTESIAN_POINT ( 'NONE',  ( -0.8650000000000001021, 0.2500000000000000000, -0.7500000000000000000 ) ) ;
#1051 = MECHANICAL_DESIGN_GEOMETRIC_PRESENTATION_REPRESENTATION (  '', ( #745 ), #999 ) ;
#1052 = ORIENTED_EDGE ( 'NONE', *, *, #842, .F. ) ;
#1053 = ADVANCED_FACE ( 'NONE', ( #501 ), #2066, .F. ) ;
#1054 = AXIS2_PLACEMENT_3D ( 'NONE', #37, #698, #1759 ) ;
#1055 = ORIENTED_EDGE ( 'NONE', *, *, #354, .T. ) ;
#1056 = EDGE_CURVE ( 'NONE', #1966, #351, #1634, .T. ) ;
#1057 = CARTESIAN_POINT ( 'NONE',  ( -1.175234093675822544, 1.411331559185746219E-16, 1.149999999999999911 ) ) ;
#1058 = ORIENTED_EDGE ( 'NONE', *, *, #34, .F. ) ;
#1059 = EDGE_CURVE ( 'NONE', #1477, #982, #1242, .T. ) ;
#1060 = DIRECTION ( 'NONE',  ( -0.000000000000000000, -0.000000000000000000, -1.000000000000000000 ) ) ;
#1061 = EDGE_LOOP ( 'NONE', ( #338, #1792, #1817, #1863 ) ) ;
#1062 = CARTESIAN_POINT ( 'NONE',  ( 0.6499999999999999112, 0.4699999999999993072, 0.1999999999999999833 ) ) ;
#1063 = CARTESIAN_POINT ( 'NONE',  ( 0.9593303271435925650, 0.2499999999999999445, 0.1999999999999999833 ) ) ;
#1064 = AXIS2_PLACEMENT_3D ( 'NONE', #132, #1294, #628 ) ;
#1065 = ORIENTED_EDGE ( 'NONE', *, *, #818, .F. ) ;
#1066 = DIRECTION ( 'NONE',  ( 1.000000000000000000, -0.000000000000000000, -0.000000000000000000 ) ) ;
#1067 = VERTEX_POINT ( 'NONE', #857 ) ;
#1068 = EDGE_LOOP ( 'NONE', ( #1152, #1065, #1169, #702 ) ) ;
#1069 = CARTESIAN_POINT ( 'NONE',  ( 0.7050000000000000711, 0.3099999999999992761, -0.1999999999999999833 ) ) ;
#1070 = VERTEX_POINT ( 'NONE', #894 ) ;
#1071 = CARTESIAN_POINT ( 'NONE',  ( 0.6207428455287319347, 0.2317195984892274074, -1.271860922782533931 ) ) ;
#1072 = VERTEX_POINT ( 'NONE', #1571 ) ;
#1073 = CARTESIAN_POINT ( 'NONE',  ( 1.175234093675822544, 1.411331559185746219E-16, -0.1999999999999999833 ) ) ;
#1074 = DIRECTION ( 'NONE',  ( -0.000000000000000000, -0.000000000000000000, -1.000000000000000000 ) ) ;
#1076 = EDGE_CURVE ( 'NONE', #1827, #1173, #1259, .T. ) ;
#1075 = DIRECTION ( 'NONE',  ( 0.000000000000000000, -0.000000000000000000, -1.000000000000000000 ) ) ;
#1077 = ORIENTED_EDGE ( 'NONE', *, *, #1188, .T. ) ;
#1078 = ORIENTED_EDGE ( 'NONE', *, *, #907, .T. ) ;
#1079 = EDGE_CURVE ( 'NONE', #50, #651, #511, .T. ) ;
#1080 = EDGE_LOOP ( 'NONE', ( #966, #1004, #1502, #40 ) ) ;
#1081 = EDGE_CURVE ( 'NONE', #752, #2181, #508, .T. ) ;
#1082 = CARTESIAN_POINT ( 'NONE',  ( -0.7050000000000000711, 0.3099999999999992761, 0.7500000000000000000 ) ) ;
#1083 = ORIENTED_EDGE ( 'NONE', *, *, #1534, .F. ) ;
#1084 = VERTEX_POINT ( 'NONE', #2229 ) ;
#1085 = EDGE_LOOP ( 'NONE', ( #1868, #2094, #350, #407 ) ) ;
#1086 = CARTESIAN_POINT ( 'NONE',  ( 0.4718609227825337205, 0.09999999999999961697, 1.404569712465925102 ) ) ;
#1087 = VERTEX_POINT ( 'NONE', #1542 ) ;
#1088 = VERTEX_POINT ( 'NONE', #1214 ) ;
#1089 = CARTESIAN_POINT ( 'NONE',  ( 0.6328101614735932579, 0.3299999999999992384, 0.1999999999999999833 ) ) ;
#1090 = DIRECTION ( 'NONE',  ( -0.1378445374916292543, -0.9808148484639889197, -0.1378445374916291433 ) ) ;
#1091 = ADVANCED_FACE ( 'NONE', ( #529 ), #1245, .T. ) ;
#1092 = VERTEX_POINT ( 'NONE', #1050 ) ;
#1093 = EDGE_LOOP ( 'NONE', ( #2236, #819, #1055, #62 ) ) ;
#1094 = AXIS2_PLACEMENT_3D ( 'NONE', #1924, #1938, #1193 ) ;
#1095 = ORIENTED_EDGE ( 'NONE', *, *, #509, .T. ) ;
#1096 = ORIENTED_EDGE ( 'NONE', *, *, #1212, .T. ) ;
#1097 = VERTEX_POINT ( 'NONE', #1015 ) ;
#1098 = AXIS2_PLACEMENT_3D ( 'NONE', #1303, #314, #495 ) ;
#1099 = ORIENTED_EDGE ( 'NONE', *, *, #1136, .T. ) ;
#1100 = DIRECTION ( 'NONE',  ( 0.000000000000000000, 0.000000000000000000, 1.000000000000000000 ) ) ;
#1101 = VERTEX_POINT ( 'NONE', #2053 ) ;
#1102 = ORIENTED_EDGE ( 'NONE', *, *, #280, .F. ) ;
#1103 = EDGE_CURVE ( 'NONE', #1874, #1087, #1991, .T. ) ;
#1104 = CARTESIAN_POINT ( 'NONE',  ( -0.7250000000000000888, 0.3099999999999992761, -1.149999999999999911 ) ) ;
#1105 = CARTESIAN_POINT ( 'NONE',  ( 0.9593303271435925650, 0.2499999999999999445, 0.1999999999999999833 ) ) ;
#1106 = ADVANCED_FACE ( 'NONE', ( #1249 ), #1582, .T. ) ;
#1107 =( LENGTH_UNIT ( ) NAMED_UNIT ( * ) SI_UNIT ( .MILLI., .METRE. ) );
#1108 = ORIENTED_EDGE ( 'NONE', *, *, #285, .F. ) ;
#1109 = CARTESIAN_POINT ( 'NONE',  ( 0.6328101614735932579, 0.3299999999999992384, 0.1999999999999999833 ) ) ;
#1110 = ORIENTED_EDGE ( 'NONE', *, *, #530, .T. ) ;
#1111 = EDGE_CURVE ( 'NONE', #1000, #456, #2035, .T. ) ;
#1112 = ORIENTED_EDGE ( 'NONE', *, *, #2203, .T. ) ;
#1113 = ORIENTED_EDGE ( 'NONE', *, *, #114, .F. ) ;
#1114 = CARTESIAN_POINT ( 'NONE',  ( -0.4718609227825336094, 0.2499999999999995837, 1.271860922782533931 ) ) ;
#1115 = VERTEX_POINT ( 'NONE', #1877 ) ;
#1116 = EDGE_LOOP ( 'NONE', ( #2124, #2218, #1286, #1380, #719, #1940, #1150, #656, #391, #1344, #438, #1869 ) ) ;
#1117 = EDGE_LOOP ( 'NONE', ( #2070, #1910, #68, #2193 ) ) ;
#1118 = AXIS2_PLACEMENT_3D ( 'NONE', #212, #1602, #1189 ) ;
#1119 = ORIENTED_EDGE ( 'NONE', *, *, #577, .T. ) ;
#1120 = DIRECTION ( 'NONE',  ( -0.06975647374412499713, 0.9975640502598243087, 0.000000000000000000 ) ) ;
#1121 = ORIENTED_EDGE ( 'NONE', *, *, #883, .T. ) ;
#1122 = VERTEX_POINT ( 'NONE', #1718 ) ;
#1123 = DIRECTION ( 'NONE',  ( 0.000000000000000000, -0.000000000000000000, -1.000000000000000000 ) ) ;
#1124 = ORIENTED_EDGE ( 'NONE', *, *, #1704, .F. ) ;
#1125 = ADVANCED_FACE ( 'NONE', ( #540 ), #1256, .T. ) ;
#1126 = CLOSED_SHELL ( 'NONE', ( #1805, #1661, #121, #409, #891, #481, #1433, #1586, #1573, #2157, #1912, #1168, #1373, #1266 ) ) ;
#1127 = EDGE_LOOP ( 'NONE', ( #669, #2188, #1835, #1369 ) ) ;
#1128 = ADVANCED_FACE ( 'NONE', ( #2010 ), #1269, .T. ) ;
#1129 = ORIENTED_EDGE ( 'NONE', *, *, #1776, .T. ) ;
#1130 = AXIS2_PLACEMENT_3D ( 'NONE', #1063, #88, #123 ) ;
#1131 = CARTESIAN_POINT ( 'NONE',  ( -0.4718609227825336094, 0.2499999999999995837, -1.271860922782533931 ) ) ;
#1132 = ORIENTED_EDGE ( 'NONE', *, *, #151, .T. ) ;
#1133 = ORIENTED_EDGE ( 'NONE', *, *, #1976, .T. ) ;
#1134 = VERTEX_POINT ( 'NONE', #1680 ) ;
#1135 = ORIENTED_EDGE ( 'NONE', *, *, #328, .T. ) ;
#1136 = EDGE_CURVE ( 'NONE', #275, #1833, #2017, .T. ) ;
#1137 = DIRECTION ( 'NONE',  ( 0.1378445374916289212, -0.9808148484639890308, -0.1378445374916289212 ) ) ;
#1138 = FILL_AREA_STYLE_COLOUR ( '', #910 ) ;
#1139 = VERTEX_POINT ( 'NONE', #902 ) ;
#1140 = ORIENTED_EDGE ( 'NONE', *, *, #1426, .T. ) ;
#1141 = CARTESIAN_POINT ( 'NONE',  ( -0.6328101614735932579, 0.3299999999999992384, 0.7500000000000000000 ) ) ;
#1142 = ORIENTED_EDGE ( 'NONE', *, *, #890, .F. ) ;
#1143 = ORIENTED_EDGE ( 'NONE', *, *, #1209, .F. ) ;
#1144 = DIRECTION ( 'NONE',  ( -0.1378445374916289212, 0.9808148484639890308, -0.1378445374916289212 ) ) ;
#1145 = ADVANCED_FACE ( 'NONE', ( #523 ), #1281, .T. ) ;
#1146 = EDGE_LOOP ( 'NONE', ( #1804, #357, #1809, #606 ) ) ;
#1147 = VERTEX_POINT ( 'NONE', #1729 ) ;
#1148 = CARTESIAN_POINT ( 'NONE',  ( -1.175234093675822544, 1.411331559185746219E-16, -1.149999999999999911 ) ) ;
#1149 = ORIENTED_EDGE ( 'NONE', *, *, #174, .F. ) ;
#1150 = ORIENTED_EDGE ( 'NONE', *, *, #59, .T. ) ;
#1151 = CARTESIAN_POINT ( 'NONE',  ( 0.4282554467710112389, 0.9699999999999995293, -1.228255446771011394 ) ) ;
#1152 = ORIENTED_EDGE ( 'NONE', *, *, #1081, .F. ) ;
#1153 = ORIENTED_EDGE ( 'NONE', *, *, #483, .T. ) ;
#1154 = DIRECTION ( 'NONE',  ( -7.228014483236697541E-16, -1.000000000000000000, -4.336808689942018525E-15 ) ) ;
#1155 = ORIENTED_EDGE ( 'NONE', *, *, #151, .F. ) ;
#1156 = ORIENTED_EDGE ( 'NONE', *, *, #286, .T. ) ;
#1157 = AXIS2_PLACEMENT_3D ( 'NONE', #2039, #828, #1025 ) ;
#1158 = CARTESIAN_POINT ( 'NONE',  ( -0.7250000000000000888, 0.3099999999999992761, 1.149999999999999911 ) ) ;
#1159 = ORIENTED_EDGE ( 'NONE', *, *, #530, .F. ) ;
#1160 = VERTEX_POINT ( 'NONE', #386 ) ;
#1161 = EDGE_CURVE ( 'NONE', #1205, #1147, #2029, .T. ) ;
#1162 = ORIENTED_EDGE ( 'NONE', *, *, #1773, .F. ) ;
#1163 = ORIENTED_EDGE ( 'NONE', *, *, #197, .T. ) ;
#1164 = CARTESIAN_POINT ( 'NONE',  ( -0.4282554467710112389, 0.9699999999999995293, -1.228255446771011394 ) ) ;
#1165 = VECTOR ( 'NONE', #2071, 999.9999999999998863 ) ;
#1166 = DIRECTION ( 'NONE',  ( -0.1218693434051474900, 0.9925461516413219831, 0.000000000000000000 ) ) ;
#1167 = CARTESIAN_POINT ( 'NONE',  ( 0.9527501761549258541, 0.1558994567923035202, 0.1999999999999999833 ) ) ;
#1168 = ADVANCED_FACE ( 'NONE', ( #1236 ), #667, .F. ) ;
#1169 = ORIENTED_EDGE ( 'NONE', *, *, #461, .F. ) ;
#1170 = ORIENTED_EDGE ( 'NONE', *, *, #838, .T. ) ;
#1171 = CARTESIAN_POINT ( 'NONE',  ( 0.4282554467710113499, 0.9699999999999995293, 1.228255446771010506 ) ) ;
#1172 = DIRECTION ( 'NONE',  ( -1.000000000000000000, 0.000000000000000000, 0.000000000000000000 ) ) ;
#1173 = VERTEX_POINT ( 'NONE', #2050 ) ;
#1174 = AXIS2_PLACEMENT_3D ( 'NONE', #538, #1503, #1120 ) ;
#1175 = CARTESIAN_POINT ( 'NONE',  ( -0.7250000000000000888, 0.2500000000000000000, -0.7500000000000000000 ) ) ;
#1176 = COLOUR_RGB ( '',0.7921568627450980005, 0.8196078431372548767, 0.9333333333333333481 ) ;
#1177 = ORIENTED_EDGE ( 'NONE', *, *, #30, .T. ) ;
#1178 = SURFACE_STYLE_FILL_AREA ( #1595 ) ;
#1179 = DIRECTION ( 'NONE',  ( 3.614007241618390975E-15, 1.000000000000000000, 0.000000000000000000 ) ) ;
#1180 = DIRECTION ( 'NONE',  ( 1.000000000000000000, 0.000000000000000000, 0.000000000000000000 ) ) ;
#1181 = ORIENTED_EDGE ( 'NONE', *, *, #2015, .T. ) ;
#1182 = PLANE ( 'NONE',  #1257 ) ;
#1183 = LINE ( 'NONE', #942, #447 ) ;
#1184 = ORIENTED_EDGE ( 'NONE', *, *, #1756, .F. ) ;
#1185 = VECTOR ( 'NONE', #222, 1000.000000000000000 ) ;
#1186 = DIRECTION ( 'NONE',  ( 0.000000000000000000, -0.000000000000000000, -1.000000000000000000 ) ) ;
#1187 = EDGE_LOOP ( 'NONE', ( #952, #1708, #2224, #1124, #1451, #1693, #309, #1684, #369, #936, #223, #1702 ) ) ;
#1188 = EDGE_CURVE ( 'NONE', #797, #2097, #2006, .T. ) ;
#1189 = DIRECTION ( 'NONE',  ( -0.000000000000000000, 0.000000000000000000, -1.000000000000000000 ) ) ;
#1190 = EDGE_CURVE ( 'NONE', #356, #1088, #504, .T. ) ;
#1191 = ORIENTED_EDGE ( 'NONE', *, *, #2083, .F. ) ;
#1192 = EDGE_CURVE ( 'NONE', #1690, #1160, #532, .T. ) ;
#1193 = DIRECTION ( 'NONE',  ( -0.9902680687415701399, 0.1391731009600660762, -1.445602896647339311E-15 ) ) ;
#1194 = DIRECTION ( 'NONE',  ( 3.614007241618390975E-15, -1.000000000000000000, 0.000000000000000000 ) ) ;
#1195 = DIRECTION ( 'NONE',  ( 1.000000000000000000, 0.000000000000000000, -0.000000000000000000 ) ) ;
#1196 = ORIENTED_EDGE ( 'NONE', *, *, #131, .F. ) ;
#1197 = CARTESIAN_POINT ( 'NONE',  ( 0.5767956570822468931, 0.9908759651440094407, 1.228255446771010506 ) ) ;
#1198 = ORIENTED_EDGE ( 'NONE', *, *, #886, .T. ) ;
#1199 = ORIENTED_EDGE ( 'NONE', *, *, #909, .F. ) ;
#1200 = CARTESIAN_POINT ( 'NONE',  ( 0.5011180772538016415, 0.4699999999999993072, 1.450000000000000178 ) ) ;
#1201 = VERTEX_POINT ( 'NONE', #1073 ) ;
#1202 = DIRECTION ( 'NONE',  ( -0.000000000000000000, -0.000000000000000000, -1.000000000000000000 ) ) ;
#1203 = DIRECTION ( 'NONE',  ( -1.000000000000000000, 0.000000000000000000, 0.000000000000000000 ) ) ;
#1204 = CARTESIAN_POINT ( 'NONE',  ( 0.6498945877798978366, 0.4707492538278110761, 1.388712768947771847 ) ) ;
#1205 = VERTEX_POINT ( 'NONE', #695 ) ;
#1206 = AXIS2_PLACEMENT_3D ( 'NONE', #317, #2013, #630 ) ;
#1207 = CARTESIAN_POINT ( 'NONE',  ( -0.6499999999999999112, 0.4699999999999993072, 1.301459789688764301 ) ) ;
#1208 = ORIENTED_EDGE ( 'NONE', *, *, #546, .T. ) ;
#1209 = EDGE_CURVE ( 'NONE', #2122, #2142, #513, .T. ) ;
#1210 = EDGE_LOOP ( 'NONE', ( #262, #1884, #1550, #1720 ) ) ;
#1211 = CARTESIAN_POINT ( 'NONE',  ( -0.7050000000000000711, 0.3299999999999992384, 0.7500000000000000000 ) ) ;
#1212 = EDGE_CURVE ( 'NONE', #390, #2141, #515, .T. ) ;
#1213 = DIRECTION ( 'NONE',  ( 0.000000000000000000, 0.000000000000000000, 1.000000000000000000 ) ) ;
#1214 = CARTESIAN_POINT ( 'NONE',  ( -0.7250000000000000888, 0.2500000000000000000, 1.149999999999999911 ) ) ;
#1215 = DIRECTION ( 'NONE',  ( 0.000000000000000000, 1.000000000000000000, 1.445602896647339508E-15 ) ) ;
#1216 = ADVANCED_FACE ( 'NONE', ( #536 ), #2030, .F. ) ;
#1217 = CARTESIAN_POINT ( 'NONE',  ( -0.6499999999999999112, 0.4699999999999993072, -1.301459789688764523 ) ) ;
#1218 = PRODUCT ( 'L8050QLT1G', 'L8050QLT1G', '', ( #1917 ) ) ;
#1219 = DIRECTION ( 'NONE',  ( -0.1209742911513548430, 0.9852565360152931717, 0.1209742911513548153 ) ) ;
#1220 = CARTESIAN_POINT ( 'NONE',  ( 0.8649999999999998801, 0.3099999999999992761, 0.1999999999999999833 ) ) ;
#1221 = DIRECTION ( 'NONE',  ( 0.000000000000000000, -0.000000000000000000, -1.000000000000000000 ) ) ;
#1222 = AXIS2_PLACEMENT_3D ( 'NONE', #1384, #1588, #1577 ) ;
#1223 = DIRECTION ( 'NONE',  ( 0.000000000000000000, -0.1218693434051477398, 0.9925461516413219831 ) ) ;
#1224 = EDGE_CURVE ( 'NONE', #1092, #1445, #2040, .T. ) ;
#1225 = CARTESIAN_POINT ( 'NONE',  ( -0.7050000000000000711, 0.3099999999999992761, 1.149999999999999911 ) ) ;
#1226 = UNCERTAINTY_MEASURE_WITH_UNIT (LENGTH_MEASURE( 1.000000000000000082E-05 ), #1475, 'distance_accuracy_value', 'NONE');
#1227 = VECTOR ( 'NONE', #1733, 1000.000000000000000 ) ;
#1228 = CARTESIAN_POINT ( 'NONE',  ( -0.7050000000000000711, 0.4699999999999991962, 0.7500000000000000000 ) ) ;
#1229 = DIRECTION ( 'NONE',  ( -0.06975647374412513591, -0.9975640502598243087, 0.000000000000000000 ) ) ;
#1230 = LINE ( 'NONE', #1141, #1278 ) ;
#1231 = CARTESIAN_POINT ( 'NONE',  ( 0.7250000000000000888, 0.3099999999999992761, 0.1999999999999999833 ) ) ;
#1232 = DIRECTION ( 'NONE',  ( 0.000000000000000000, -1.000000000000000000, 0.000000000000000000 ) ) ;
#1233 = CARTESIAN_POINT ( 'NONE',  ( -0.8650000000000001021, 0.2500000000000000000, -1.149999999999999911 ) ) ;
#1234 = DIRECTION ( 'NONE',  ( -0.000000000000000000, -0.000000000000000000, -1.000000000000000000 ) ) ;
#1235 = ADVANCED_FACE ( 'NONE', ( #542 ), #67, .T. ) ;
#1236 = FACE_OUTER_BOUND ( 'NONE', #1093, .T. ) ;
#1237 = ADVANCED_FACE ( 'NONE', ( #1252 ), #1262, .T. ) ;
#1238 = CARTESIAN_POINT ( 'NONE',  ( 0.6521788540542878820, 0.4877453422341169742, -1.303296931308089768 ) ) ;
#1239 = DIRECTION ( 'NONE',  ( -0.000000000000000000, -0.000000000000000000, -1.000000000000000000 ) ) ;
#1240 = VECTOR ( 'NONE', #844, 1000.000000000000000 ) ;
#1241 = DIRECTION ( 'NONE',  ( 1.000000000000000000, 0.000000000000000000, 0.000000000000000000 ) ) ;
#1242 = LINE ( 'NONE', #507, #533 ) ;
#1243 = AXIS2_PLACEMENT_3D ( 'NONE', #1533, #306, #144 ) ;
#1244 = DIRECTION ( 'NONE',  ( -0.000000000000000000, -0.000000000000000000, 1.000000000000000000 ) ) ;
#1245 = CYLINDRICAL_SURFACE ( 'NONE', #1821, 0.1599999999999998646 ) ;
#1246 = CARTESIAN_POINT ( 'NONE',  ( -0.7250000000000000888, 0.2500000000000000000, 1.149999999999999911 ) ) ;
#1247 = EDGE_CURVE ( 'NONE', #1738, #797, #2045, .T. ) ;
#1248 = EDGE_CURVE ( 'NONE', #348, #429, #1982, .T. ) ;
#1249 = FACE_OUTER_BOUND ( 'NONE', #1311, .T. ) ;
#1250 = EDGE_CURVE ( 'NONE', #1425, #2246, #520, .T. ) ;
#1251 =( NAMED_UNIT ( * ) SI_UNIT ( $, .STERADIAN. ) SOLID_ANGLE_UNIT ( ) );
#1252 = FACE_OUTER_BOUND ( 'NONE', #233, .T. ) ;
#1253 = ADVANCED_FACE ( 'NONE', ( #489 ), #1985, .F. ) ;
#1254 = EDGE_CURVE ( 'NONE', #1358, #348, #1988, .T. ) ;
#1255 = CARTESIAN_POINT ( 'NONE',  ( -0.6499999999999999112, 0.4699999999999993072, -1.450000000000000178 ) ) ;
#1256 = SPHERICAL_SURFACE ( 'NONE', #2011, 0.1499999999999999944 ) ;
#1257 = AXIS2_PLACEMENT_3D ( 'NONE', #1703, #1858, #626 ) ;
#1258 = CARTESIAN_POINT ( 'NONE',  ( 0.7250000000000000888, 0.2500000000000000000, 0.1999999999999999833 ) ) ;
#1259 = LINE ( 'NONE', #2044, #1227 ) ;
#1260 = CARTESIAN_POINT ( 'NONE',  ( -0.7050000000000000711, 0.3099999999999992761, 0.7500000000000000000 ) ) ;
#1261 = CARTESIAN_POINT ( 'NONE',  ( 0.4718609227825337760, 0.2317195984892274074, -1.420742845528732090 ) ) ;
#1262 = CYLINDRICAL_SURFACE ( 'NONE', #99, 0.1500000000000000222 ) ;
#1263 = APPLICATION_PROTOCOL_DEFINITION ( 'draft international standard', 'automotive_design', 1998, #793 ) ;
#1264 = DIRECTION ( 'NONE',  ( 1.000000000000000000, 0.000000000000000000, 0.000000000000000000 ) ) ;
#1265 = CIRCLE ( 'NONE', #1032, 0.1499999999999999667 ) ;
#1266 = ADVANCED_FACE ( 'NONE', ( #1308 ), #1480, .F. ) ;
#1267 = AXIS2_PLACEMENT_3D ( 'NONE', #1640, #582, #2100 ) ;
#1268 = CARTESIAN_POINT ( 'NONE',  ( -0.5887127689477723580, 0.4707492538278116312, 1.449894587779897215 ) ) ;
#1269 = CYLINDRICAL_SURFACE ( 'NONE', #1098, 0.1500000000000000777 ) ;
#1270 = EDGE_CURVE ( 'NONE', #315, #239, #590, .T. ) ;
#1271 = CARTESIAN_POINT ( 'NONE',  ( -1.175234093675822544, 1.411331559185746219E-16, 0.7500000000000000000 ) ) ;
#1272 = VECTOR ( 'NONE', #1213, 1000.000000000000000 ) ;
#1273 = CARTESIAN_POINT ( 'NONE',  ( -0.4282554467710112389, 0.9908759651440094407, -1.376795657082247049 ) ) ;
#1274 = CARTESIAN_POINT ( 'NONE',  ( -0.6328101614735932579, 0.3299999999999992384, -0.7500000000000000000 ) ) ;
#1275 = EDGE_CURVE ( 'NONE', #786, #1134, #572, .T. ) ;
#1276 = EDGE_CURVE ( 'NONE', #1411, #1831, #575, .T. ) ;
#1277 = CARTESIAN_POINT ( 'NONE',  ( -0.6499999999999999112, 0.4699999999999993072, -1.149999999999999911 ) ) ;
#1278 = VECTOR ( 'NONE', #1654, 1000.000000000000114 ) ;
#1279 = CARTESIAN_POINT ( 'NONE',  ( -0.7250000000000000888, 0.3099999999999992761, -0.7500000000000000000 ) ) ;
#1280 = ADVANCED_FACE ( 'NONE', ( #2069 ), #2112, .T. ) ;
#1281 = SPHERICAL_SURFACE ( 'NONE', #1446, 0.1499999999999999944 ) ;
#1282 = AXIS2_PLACEMENT_3D ( 'NONE', #1370, #1581, #1743 ) ;
#1283 = CARTESIAN_POINT ( 'NONE',  ( 0.7050000000000000711, 0.3099999999999992761, 0.1999999999999999833 ) ) ;
#1284 = VECTOR ( 'NONE', #912, 1000.000000000000000 ) ;
#1285 = SURFACE_SIDE_STYLE ('',( #178 ) ) ;
#1286 = ORIENTED_EDGE ( 'NONE', *, *, #2055, .T. ) ;
#1287 = CARTESIAN_POINT ( 'NONE',  ( -0.9429842698307482340, 0.01624048975592813637, 1.149999999999999911 ) ) ;
#1288 = AXIS2_PLACEMENT_3D ( 'NONE', #840, #2245, #640 ) ;
#1289 = LINE ( 'NONE', #125, #2047 ) ;
#1290 = CYLINDRICAL_SURFACE ( 'NONE', #1913, 0.01999999999999994491 ) ;
#1291 = EDGE_CURVE ( 'NONE', #1122, #2232, #2064, .T. ) ;
#1292 = ORIENTED_EDGE ( 'NONE', *, *, #1076, .T. ) ;
#1293 = CARTESIAN_POINT ( 'NONE',  ( -0.7250000000000000888, 0.3099999999999992761, -0.7500000000000000000 ) ) ;
#1294 = DIRECTION ( 'NONE',  ( 1.000000000000000000, 0.000000000000000000, 0.000000000000000000 ) ) ;
#1295 = CIRCLE ( 'NONE', #1981, 0.2343303271435926427 ) ;
#1296 = CARTESIAN_POINT ( 'NONE',  ( -0.7250000000000000888, 0.3099999999999992761, 0.7500000000000000000 ) ) ;
#1297 = UNCERTAINTY_MEASURE_WITH_UNIT (LENGTH_MEASURE( 1.000000000000000082E-05 ), #101, 'distance_accuracy_value', 'NONE');
#1298 = ORIENTED_EDGE ( 'NONE', *, *, #1011, .T. ) ;
#1299 = DIRECTION ( 'NONE',  ( -0.000000000000000000, -0.000000000000000000, -1.000000000000000000 ) ) ;
#1300 = CIRCLE ( 'NONE', #652, 0.1499999999999999667 ) ;
#1301 =( NAMED_UNIT ( * ) PLANE_ANGLE_UNIT ( ) SI_UNIT ( $, .RADIAN. ) );
#1302 = CARTESIAN_POINT ( 'NONE',  ( -0.6499999999999999112, 0.4699999999999993072, 1.301118077253801575 ) ) ;
#1303 = CARTESIAN_POINT ( 'NONE',  ( 0.4491789816350260089, 0.8211213135433397259, 1.249178981635025387 ) ) ;
#1304 = VECTOR ( 'NONE', #420, 1000.000000000000000 ) ;
#1305 = AXIS2_PLACEMENT_3D ( 'NONE', #1715, #3, #214 ) ;
#1306 = CARTESIAN_POINT ( 'NONE',  ( -0.7250000000000000888, 0.3099999999999992761, -0.7500000000000000000 ) ) ;
#1307 = CARTESIAN_POINT ( 'NONE',  ( 0.9527501761549258541, 0.1558994567923035202, -0.1999999999999999833 ) ) ;
#1308 = FACE_OUTER_BOUND ( 'NONE', #1383, .T. ) ;
#1309 = CARTESIAN_POINT ( 'NONE',  ( 0.5014597896887644790, 0.4699999999999993072, 1.450000000000000178 ) ) ;
#1310 = DIRECTION ( 'NONE',  ( -0.9975640502598241977, -0.06975647374412544122, 0.000000000000000000 ) ) ;
#1311 = EDGE_LOOP ( 'NONE', ( #1112, #1484, #1841, #676, #685, #1078 ) ) ;
#1312 = CIRCLE ( 'NONE', #206, 0.01999999999999994491 ) ;
#1313 = PRESENTATION_LAYER_ASSIGNMENT (  '', '', ( #745 ) ) ;
#1314 = DIRECTION ( 'NONE',  ( -3.614007241618390975E-15, 1.000000000000000000, 0.000000000000000000 ) ) ;
#1315 = EDGE_CURVE ( 'NONE', #1837, #1741, #1312, .T. ) ;
#1316 =( BOUNDED_CURVE ( )  B_SPLINE_CURVE ( 3, ( #703, #2036, #985, #1721 ),
 .UNSPECIFIED., .F., .F. ) 
 B_SPLINE_CURVE_WITH_KNOTS ( ( 4, 4 ),
 ( 5.507473601127601981, 7.058897013231569595 ),
 .UNSPECIFIED. ) 
 CURVE ( )  GEOMETRIC_REPRESENTATION_ITEM ( )  RATIONAL_B_SPLINE_CURVE ( ( 1.000000000000000000, 0.8092819073308321620, 0.8092819073308321620, 1.000000000000000000 ) ) 
 REPRESENTATION_ITEM ( '' )  );
#1317 = LINE ( 'NONE', #1293, #2096 ) ;
#1318 = EDGE_LOOP ( 'NONE', ( #634, #1909, #1781 ) ) ;
#1319 = DIRECTION ( 'NONE',  ( -0.000000000000000000, -0.000000000000000000, -1.000000000000000000 ) ) ;
#1321 = EDGE_CURVE ( 'NONE', #2097, #2141, #2126, .T. ) ;
#1320 = DIRECTION ( 'NONE',  ( 0.000000000000000000, 0.000000000000000000, -1.000000000000000000 ) ) ;
#1322 = CARTESIAN_POINT ( 'NONE',  ( -0.6328101614735932579, 0.3299999999999992384, -0.7500000000000000000 ) ) ;
#1323 = VECTOR ( 'NONE', #1427, 1000.000000000000000 ) ;
#1324 = VERTEX_POINT ( 'NONE', #303 ) ;
#1325 = VECTOR ( 'NONE', #2220, 1000.000000000000000 ) ;
#1326 = ORIENTED_EDGE ( 'NONE', *, *, #91, .T. ) ;
#1327 = FACE_OUTER_BOUND ( 'NONE', #1925, .T. ) ;
#1328 = ORIENTED_EDGE ( 'NONE', *, *, #1900, .T. ) ;
#1329 = DIRECTION ( 'NONE',  ( -0.000000000000000000, -0.000000000000000000, -1.000000000000000000 ) ) ;
#1330 = CARTESIAN_POINT ( 'NONE',  ( -0.4718609227825336094, 0.2499999999999995837, -1.450000000000000178 ) ) ;
#1331 = ORIENTED_EDGE ( 'NONE', *, *, #1276, .F. ) ;
#1332 = DIRECTION ( 'NONE',  ( -0.1209742911513548430, -0.9852565360152931717, -0.1209742911513548153 ) ) ;
#1333 = DIRECTION ( 'NONE',  ( 0.000000000000000000, -0.000000000000000000, -1.000000000000000000 ) ) ;
#1334 = VECTOR ( 'NONE', #808, 1000.000000000000000 ) ;
#1335 = ORIENTED_EDGE ( 'NONE', *, *, #170, .F. ) ;
#1336 = PLANE ( 'NONE',  #1745 ) ;
#1337 = DIRECTION ( 'NONE',  ( 0.000000000000000000, -0.000000000000000000, -1.000000000000000000 ) ) ;
#1338 = VECTOR ( 'NONE', #1563, 1000.000000000000000 ) ;
#1339 = VERTEX_POINT ( 'NONE', #475 ) ;
#1340 = AXIS2_PLACEMENT_3D ( 'NONE', #437, #1593, #568 ) ;
#1341 = VECTOR ( 'NONE', #960, 1000.000000000000000 ) ;
#1342 = EDGE_LOOP ( 'NONE', ( #448, #2067, #589, #433 ) ) ;
#1343 = EDGE_CURVE ( 'NONE', #2141, #1115, #633, .T. ) ;
#1344 = ORIENTED_EDGE ( 'NONE', *, *, #1870, .T. ) ;
#1345 = CARTESIAN_POINT ( 'NONE',  ( -0.6328101614735932579, 0.3299999999999992384, -1.149999999999999911 ) ) ;
#1346 = CIRCLE ( 'NONE', #587, 0.1499999999999999667 ) ;
#1347 = ORIENTED_EDGE ( 'NONE', *, *, #753, .T. ) ;
#1348 = EDGE_CURVE ( 'NONE', #1358, #1831, #1317, .T. ) ;
#1349 = ORIENTED_EDGE ( 'NONE', *, *, #1870, .F. ) ;
#1350 = CARTESIAN_POINT ( 'NONE',  ( 0.4282554467710113499, 0.9699999999999995293, -1.228255446771011394 ) ) ;
#1351 = VECTOR ( 'NONE', #986, 1000.000000000000114 ) ;
#1352 = DIRECTION ( 'NONE',  ( -0.000000000000000000, -0.000000000000000000, -1.000000000000000000 ) ) ;
#1353 = VECTOR ( 'NONE', #1535, 1000.000000000000000 ) ;
#1354 = EDGE_LOOP ( 'NONE', ( #1875, #604, #1022, #790 ) ) ;
#1355 = EDGE_LOOP ( 'NONE', ( #1096, #2183, #1777, #597 ) ) ;
#1356 = EDGE_CURVE ( 'NONE', #1515, #445, #1346, .T. ) ;
#1357 = FACE_OUTER_BOUND ( 'NONE', #323, .T. ) ;
#1358 = VERTEX_POINT ( 'NONE', #1306 ) ;
#1359 = DIRECTION ( 'NONE',  ( 1.000000000000000000, 0.000000000000000000, 0.000000000000000000 ) ) ;
#1360 = CIRCLE ( 'NONE', #2027, 0.1499999999999999667 ) ;
#1361 = VERTEX_POINT ( 'NONE', #1197 ) ;
#1362 = EDGE_LOOP ( 'NONE', ( #644, #1843, #1142 ) ) ;
#1363 = ORIENTED_EDGE ( 'NONE', *, *, #1188, .F. ) ;
#1364 = AXIS2_PLACEMENT_3D ( 'NONE', #1811, #1989, #2175 ) ;
#1365 = DIRECTION ( 'NONE',  ( -0.000000000000000000, -0.000000000000000000, 1.000000000000000000 ) ) ;
#1366 = VECTOR ( 'NONE', #1605, 1000.000000000000000 ) ;
#1367 = ORIENTED_EDGE ( 'NONE', *, *, #328, .F. ) ;
#1368 = CYLINDRICAL_SURFACE ( 'NONE', #1364, 0.2343303271435926427 ) ;
#1369 = ORIENTED_EDGE ( 'NONE', *, *, #1247, .T. ) ;
#1370 = CARTESIAN_POINT ( 'NONE',  ( -0.7050000000000000711, 0.3099999999999992761, -0.7500000000000000000 ) ) ;
#1371 = LINE ( 'NONE', #849, #693 ) ;
#1372 = ORIENTED_EDGE ( 'NONE', *, *, #1275, .F. ) ;
#1373 = ADVANCED_FACE ( 'NONE', ( #551 ), #1182, .T. ) ;
#1374 = VECTOR ( 'NONE', #66, 1000.000000000000000 ) ;
#1375 = VERTEX_POINT ( 'NONE', #998 ) ;
#1376 = EDGE_LOOP ( 'NONE', ( #1389, #358, #1159, #1730 ) ) ;
#1377 = CARTESIAN_POINT ( 'NONE',  ( -0.7050000000000000711, 0.4699999999999991962, 1.149999999999999911 ) ) ;
#1378 = FACE_OUTER_BOUND ( 'NONE', #1127, .T. ) ;
#1379 = EDGE_LOOP ( 'NONE', ( #374, #361, #2119, #371, #1077, #310 ) ) ;
#1380 = ORIENTED_EDGE ( 'NONE', *, *, #1006, .T. ) ;
#1381 = EDGE_CURVE ( 'NONE', #1092, #1887, #601, .T. ) ;
#1382 = LINE ( 'NONE', #867, #1453 ) ;
#1383 = EDGE_LOOP ( 'NONE', ( #1470, #931, #1735, #995, #1454, #1181, #716, #1866, #241, #28, #1893, #382 ) ) ;
#1384 = CARTESIAN_POINT ( 'NONE',  ( -0.7050000000000000711, 0.3099999999999992761, 0.7500000000000000000 ) ) ;
#1385 = VECTOR ( 'NONE', #2101, 1000.000000000000000 ) ;
#1386 = EDGE_LOOP ( 'NONE', ( #1372, #2163, #376, #979, #1052, #227 ) ) ;
#1387 = EDGE_CURVE ( 'NONE', #2142, #1887, #559, .T. ) ;
#1388 = CYLINDRICAL_SURFACE ( 'NONE', #895, 0.1599999999999998646 ) ;
#1389 = ORIENTED_EDGE ( 'NONE', *, *, #413, .T. ) ;
#1390 = CARTESIAN_POINT ( 'NONE',  ( -0.8649999999999998801, 0.3099999999999992761, -0.7500000000000000000 ) ) ;
#1391 = VECTOR ( 'NONE', #453, 1000.000000000000114 ) ;
#1392 = ORIENTED_EDGE ( 'NONE', *, *, #331, .T. ) ;
#1393 = CARTESIAN_POINT ( 'NONE',  ( -0.5042822195322411716, 0.4499173681481717368, -1.452822429843476870 ) ) ;
#1394 = VERTEX_POINT ( 'NONE', #1492 ) ;
#1395 = FACE_OUTER_BOUND ( 'NONE', #1355, .T. ) ;
#1396 = ORIENTED_EDGE ( 'NONE', *, *, #131, .T. ) ;
#1397 = ADVANCED_FACE ( 'NONE', ( #2076 ), #2087, .T. ) ;
#1398 = CARTESIAN_POINT ( 'NONE',  ( 0.9527501761549258541, 0.1558994567923035202, 0.1999999999999999833 ) ) ;
#1399 = LINE ( 'NONE', #161, #1491 ) ;
#1400 = EDGE_LOOP ( 'NONE', ( #395, #44, #1452, #1880 ) ) ;
#1401 = CARTESIAN_POINT ( 'NONE',  ( -0.6499999999999999112, 0.4699999999999993072, -0.7500000000000000000 ) ) ;
#1402 = LINE ( 'NONE', #939, #2158 ) ;
#1403 = AXIS2_PLACEMENT_3D ( 'NONE', #1105, #2168, #1603 ) ;
#1404 = ORIENTED_EDGE ( 'NONE', *, *, #30, .F. ) ;
#1405 = LINE ( 'NONE', #1890, #715 ) ;
#1406 = EDGE_LOOP ( 'NONE', ( #2106, #425, #1923, #402, #2085, #2074, #1292, #1396, #2177, #431, #2222, #468 ) ) ;
#1407 = CARTESIAN_POINT ( 'NONE',  ( 0.6328101614735932579, 0.3299999999999992384, -0.1999999999999999833 ) ) ;
#1408 = PRESENTATION_STYLE_ASSIGNMENT (( #1002 ) ) ;
#1409 = VERTEX_POINT ( 'NONE', #1277 ) ;
#1410 = VECTOR ( 'NONE', #2037, 1000.000000000000000 ) ;
#1411 = VERTEX_POINT ( 'NONE', #588 ) ;
#1412 = PLANE ( 'NONE',  #1118 ) ;
#1413 = FACE_OUTER_BOUND ( 'NONE', #2167, .T. ) ;
#1414 = CARTESIAN_POINT ( 'NONE',  ( -0.7250000000000000888, 0.3099999999999992761, 1.149999999999999911 ) ) ;
#1415 = ORIENTED_EDGE ( 'NONE', *, *, #2088, .T. ) ;
#1416 = CARTESIAN_POINT ( 'NONE',  ( 0.000000000000000000, 1.119999999999999440, 0.000000000000000000 ) ) ;
#1417 = CARTESIAN_POINT ( 'NONE',  ( 0.9593303271435925650, 0.2499999999999999445, 0.1999999999999999833 ) ) ;
#1418 = AXIS2_PLACEMENT_3D ( 'NONE', #672, #1527, #1195 ) ;
#1419 = LINE ( 'NONE', #421, #1473 ) ;
#1420 = ORIENTED_EDGE ( 'NONE', *, *, #1927, .T. ) ;
#1421 = LINE ( 'NONE', #1393, #1391 ) ;
#1422 = ORIENTED_EDGE ( 'NONE', *, *, #928, .T. ) ;
#1423 = DIRECTION ( 'NONE',  ( 0.1209742911513548430, 0.9852565360152931717, -0.1209742911513548153 ) ) ;
#1424 = VECTOR ( 'NONE', #767, 1000.000000000000000 ) ;
#1425 = VERTEX_POINT ( 'NONE', #116 ) ;
#1426 = EDGE_CURVE ( 'NONE', #1084, #1861, #2104, .T. ) ;
#1427 = DIRECTION ( 'NONE',  ( 0.000000000000000000, -0.000000000000000000, -1.000000000000000000 ) ) ;
#1428 = VERTEX_POINT ( 'NONE', #443 ) ;
#1429 = FACE_OUTER_BOUND ( 'NONE', #1481, .T. ) ;
#1430 = VERTEX_POINT ( 'NONE', #272 ) ;
#1431 = VECTOR ( 'NONE', #655, 1000.000000000000000 ) ;
#1432 = ORIENTED_EDGE ( 'NONE', *, *, #1762, .F. ) ;
#1433 = ADVANCED_FACE ( 'NONE', ( #2062 ), #1737, .F. ) ;
#1434 = VECTOR ( 'NONE', #512, 1000.000000000000227 ) ;
#1435 = ORIENTED_EDGE ( 'NONE', *, *, #114, .T. ) ;
#1436 = CYLINDRICAL_SURFACE ( 'NONE', #459, 0.1500000000000000777 ) ;
#1437 = CARTESIAN_POINT ( 'NONE',  ( -0.6207428455287318236, 0.2317195984892274074, -1.271860922782533709 ) ) ;
#1438 = ORIENTED_EDGE ( 'NONE', *, *, #1348, .T. ) ;
#1439 = DIRECTION ( 'NONE',  ( -0.000000000000000000, -0.000000000000000000, -1.000000000000000000 ) ) ;
#1440 = VERTEX_POINT ( 'NONE', #1401 ) ;
#1441 = ORIENTED_EDGE ( 'NONE', *, *, #2088, .F. ) ;
#1442 = MECHANICAL_DESIGN_GEOMETRIC_PRESENTATION_REPRESENTATION (  '', ( #934 ), #965 ) ;
#1443 = CARTESIAN_POINT ( 'NONE',  ( -0.7050000000000000711, 0.4699999999999991962, -0.7500000000000000000 ) ) ;
#1444 = FACE_OUTER_BOUND ( 'NONE', #1926, .T. ) ;
#1445 = VERTEX_POINT ( 'NONE', #1447 ) ;
#1446 = AXIS2_PLACEMENT_3D ( 'NONE', #21, #368, #1569 ) ;
#1447 = CARTESIAN_POINT ( 'NONE',  ( -0.9527501761549258541, 0.1558994567923035202, -0.7500000000000000000 ) ) ;
#1448 = VECTOR ( 'NONE', #1518, 1000.000000000000114 ) ;
#1449 = ORIENTED_EDGE ( 'NONE', *, *, #1997, .T. ) ;
#1450 = LINE ( 'NONE', #1901, #638 ) ;
#1451 = ORIENTED_EDGE ( 'NONE', *, *, #838, .F. ) ;
#1452 = ORIENTED_EDGE ( 'NONE', *, *, #2164, .T. ) ;
#1453 = VECTOR ( 'NONE', #232, 1000.000000000000227 ) ;
#1454 = ORIENTED_EDGE ( 'NONE', *, *, #2083, .T. ) ;
#1455 = DIRECTION ( 'NONE',  ( -0.000000000000000000, 1.000000000000000000, -0.000000000000000000 ) ) ;
#1456 = AXIS2_PLACEMENT_3D ( 'NONE', #1987, #1810, #905 ) ;
#1457 = FACE_OUTER_BOUND ( 'NONE', #968, .T. ) ;
#1458 = CARTESIAN_POINT ( 'NONE',  ( -0.9593303271435925650, 0.2499999999999999445, 0.7500000000000000000 ) ) ;
#1459 = ORIENTED_EDGE ( 'NONE', *, *, #255, .F. ) ;
#1460 = DIRECTION ( 'NONE',  ( -1.000000000000000000, 0.000000000000000000, 0.000000000000000000 ) ) ;
#1461 = DIRECTION ( 'NONE',  ( -0.000000000000000000, -0.000000000000000000, -1.000000000000000000 ) ) ;
#1462 = CYLINDRICAL_SURFACE ( 'NONE', #119, 0.1499999999999999667 ) ;
#1463 = VERTEX_POINT ( 'NONE', #727 ) ;
#1464 = LINE ( 'NONE', #835, #1431 ) ;
#1465 = CARTESIAN_POINT ( 'NONE',  ( -0.4718609227825336094, 0.2499999999999995837, 1.271860922782533931 ) ) ;
#1466 = ORIENTED_EDGE ( 'NONE', *, *, #380, .T. ) ;
#1467 = EDGE_CURVE ( 'NONE', #1820, #743, #2060, .T. ) ;
#1468 = DIRECTION ( 'NONE',  ( -1.000000000000000000, 0.000000000000000000, 0.000000000000000000 ) ) ;
#1469 = LINE ( 'NONE', #1872, #2173 ) ;
#1470 = ORIENTED_EDGE ( 'NONE', *, *, #488, .T. ) ;
#1471 = DIRECTION ( 'NONE',  ( -1.000000000000000000, 0.000000000000000000, 1.445602896647339508E-15 ) ) ;
#1472 = EDGE_LOOP ( 'NONE', ( #394, #2109, #347, #2207 ) ) ;
#1473 = VECTOR ( 'NONE', #1244, 1000.000000000000000 ) ;
#1474 = EDGE_CURVE ( 'NONE', #1493, #1440, #565, .T. ) ;
#1475 =( LENGTH_UNIT ( ) NAMED_UNIT ( * ) SI_UNIT ( .MILLI., .METRE. ) );
#1476 = ORIENTED_EDGE ( 'NONE', *, *, #549, .F. ) ;
#1477 = VERTEX_POINT ( 'NONE', #1057 ) ;
#1478 = LINE ( 'NONE', #134, #496 ) ;
#1479 = LINE ( 'NONE', #1768, #2248 ) ;
#1480 = PLANE ( 'NONE',  #1610 ) ;
#1481 = EDGE_LOOP ( 'NONE', ( #304, #726, #933, #1113 ) ) ;
#1482 = DIRECTION ( 'NONE',  ( 0.06975647374412498325, -0.9975640502598243087, -0.000000000000000000 ) ) ;
#1483 = ADVANCED_FACE ( 'NONE', ( #614 ), #1290, .F. ) ;
#1484 = ORIENTED_EDGE ( 'NONE', *, *, #1905, .T. ) ;
#1485 = DIRECTION ( 'NONE',  ( 0.9975640502598243087, 0.06975647374412513591, 0.000000000000000000 ) ) ;
#1486 = DIRECTION ( 'NONE',  ( -0.1378445374916289212, -0.9808148484639891418, 0.1378445374916289212 ) ) ;
#1487 = ADVANCED_FACE ( 'NONE', ( #570 ), #1574, .F. ) ;
#1488 = VECTOR ( 'NONE', #921, 1000.000000000000000 ) ;
#1489 = ORIENTED_EDGE ( 'NONE', *, *, #1356, .T. ) ;
#1490 = EDGE_LOOP ( 'NONE', ( #806, #279, #385, #1754 ) ) ;
#1491 = VECTOR ( 'NONE', #149, 1000.000000000000000 ) ;
#1492 = CARTESIAN_POINT ( 'NONE',  ( -0.4282554467710112944, 1.119999999999999440, -1.228255446771011172 ) ) ;
#1493 = VERTEX_POINT ( 'NONE', #543 ) ;
#1494 = VERTEX_POINT ( 'NONE', #761 ) ;
#1495 = CARTESIAN_POINT ( 'NONE',  ( 0.7250000000000000888, 0.3099999999999992761, 0.1999999999999999833 ) ) ;
#1496 = CARTESIAN_POINT ( 'NONE',  ( -0.6499999999999999112, 0.4699999999999993072, 1.450000000000000178 ) ) ;
#1497 = ORIENTED_EDGE ( 'NONE', *, *, #573, .F. ) ;
#1498 = LINE ( 'NONE', #403, #10 ) ;
#1499 = EDGE_CURVE ( 'NONE', #245, #2208, #586, .T. ) ;
#1500 = CARTESIAN_POINT ( 'NONE',  ( 0.7050000000000000711, 0.3099999999999992761, -0.1999999999999999833 ) ) ;
#1501 = EDGE_CURVE ( 'NONE', #1139, #1122, #584, .T. ) ;
#1502 = ORIENTED_EDGE ( 'NONE', *, *, #1704, .T. ) ;
#1503 = DIRECTION ( 'NONE',  ( 0.9975640502598243087, 0.06975647374412499713, -0.000000000000000000 ) ) ;
#1504 = VECTOR ( 'NONE', #1839, 999.9999999999998863 ) ;
#1505 = EDGE_CURVE ( 'NONE', #1861, #600, #1300, .T. ) ;
#1506 = EDGE_CURVE ( 'NONE', #739, #363, #2132, .T. ) ;
#1507 = LINE ( 'NONE', #316, #81 ) ;
#1508 = CARTESIAN_POINT ( 'NONE',  ( -0.7050000000000000711, 0.4699999999999991962, 1.149999999999999911 ) ) ;
#1509 = EDGE_LOOP ( 'NONE', ( #958, #1143, #709, #991 ) ) ;
#1510 = FACE_OUTER_BOUND ( 'NONE', #2174, .T. ) ;
#1511 = CARTESIAN_POINT ( 'NONE',  ( 0.4718609227825335539, 0.2317195984892274074, 1.420742845528732090 ) ) ;
#1512 = LINE ( 'NONE', #781, #774 ) ;
#1513 = AXIS2_PLACEMENT_3D ( 'NONE', #1034, #2012, #485 ) ;
#1514 = CYLINDRICAL_SURFACE ( 'NONE', #826, 0.1499999999999999667 ) ;
#1515 = VERTEX_POINT ( 'NONE', #1261 ) ;
#1516 = CARTESIAN_POINT ( 'NONE',  ( 1.185000000000000053, 0.1396589670363756475, 0.1999999999999999833 ) ) ;
#1517 = CARTESIAN_POINT ( 'NONE',  ( -0.8649999999999998801, 0.3099999999999992761, 0.7500000000000000000 ) ) ;
#1518 = DIRECTION ( 'NONE',  ( -0.1378445374916289212, -0.9808148484639890308, 0.1378445374916289212 ) ) ;
#1519 = FACE_OUTER_BOUND ( 'NONE', #340, .T. ) ;
#1520 = AXIS2_PLACEMENT_3D ( 'NONE', #204, #1223, #2057 ) ;
#1521 = ORIENTED_EDGE ( 'NONE', *, *, #488, .F. ) ;
#1522 = VECTOR ( 'NONE', #1137, 1000.000000000000114 ) ;
#1523 = CARTESIAN_POINT ( 'NONE',  ( 0.8649999999999998801, 0.3099999999999992761, 0.1999999999999999833 ) ) ;
#1524 = AXIS2_PLACEMENT_3D ( 'NONE', #337, #616, #866 ) ;
#1525 = EDGE_LOOP ( 'NONE', ( #2240, #688, #1459, #744 ) ) ;
#1526 = DIRECTION ( 'NONE',  ( 0.1209742911513548153, 0.9852565360152931717, 0.1209742911513548430 ) ) ;
#1527 = DIRECTION ( 'NONE',  ( 0.000000000000000000, 0.000000000000000000, 1.000000000000000000 ) ) ;
#1528 = ORIENTED_EDGE ( 'NONE', *, *, #1381, .F. ) ;
#1529 = ADVANCED_FACE ( 'NONE', ( #1327 ), #2091, .F. ) ;
#1530 = EDGE_CURVE ( 'NONE', #1430, #1201, #596, .T. ) ;
#1531 = LINE ( 'NONE', #1614, #51 ) ;
#1532 = PRESENTATION_STYLE_ASSIGNMENT (( #396 ) ) ;
#1533 = CARTESIAN_POINT ( 'NONE',  ( -0.4718609227825336649, 0.2499999999999995837, -1.271860922782533931 ) ) ;
#1534 = EDGE_CURVE ( 'NONE', #1851, #1738, #1360, .T. ) ;
#1535 = DIRECTION ( 'NONE',  ( -0.06975647374412498325, -0.9975640502598243087, 0.000000000000000000 ) ) ;
#1536 = LINE ( 'NONE', #1516, #795 ) ;
#1537 = CARTESIAN_POINT ( 'NONE',  ( -0.6499999999999999112, 0.2499999999999995837, 1.271860922782533931 ) ) ;
#1538 = ORIENTED_EDGE ( 'NONE', *, *, #331, .F. ) ;
#1539 = DIRECTION ( 'NONE',  ( 0.000000000000000000, 0.000000000000000000, -1.000000000000000000 ) ) ;
#1540 = CARTESIAN_POINT ( 'NONE',  ( -0.9593303271435925650, 0.2499999999999999445, -0.7500000000000000000 ) ) ;
#1541 = CARTESIAN_POINT ( 'NONE',  ( -0.6499999999999999112, 0.4699999999999993072, -1.450000000000000178 ) ) ;
#1542 = CARTESIAN_POINT ( 'NONE',  ( 0.7050000000000000711, 0.4699999999999991962, 0.1999999999999999833 ) ) ;
#1543 = ORIENTED_EDGE ( 'NONE', *, *, #1499, .T. ) ;
#1544 = AXIS2_PLACEMENT_3D ( 'NONE', #1164, #497, #677 ) ;
#1545 = VECTOR ( 'NONE', #1337, 1000.000000000000000 ) ;
#1546 = CARTESIAN_POINT ( 'NONE',  ( 0.6328101614735932579, 0.3299999999999992384, 0.1999999999999999833 ) ) ;
#1547 = ORIENTED_EDGE ( 'NONE', *, *, #635, .T. ) ;
#1548 = DIRECTION ( 'NONE',  ( 0.000000000000000000, -0.1218693434051477814, 0.9925461516413219831 ) ) ;
#1549 = LINE ( 'NONE', #769, #1566 ) ;
#1550 = ORIENTED_EDGE ( 'NONE', *, *, #1076, .F. ) ;
#1551 = DIRECTION ( 'NONE',  ( 0.000000000000000000, -0.000000000000000000, -1.000000000000000000 ) ) ;
#1552 = FACE_OUTER_BOUND ( 'NONE', #1210, .T. ) ;
#1553 = AXIS2_PLACEMENT_3D ( 'NONE', #1417, #1221, #218 ) ;
#1554 = DIRECTION ( 'NONE',  ( 0.000000000000000000, 0.000000000000000000, -1.000000000000000000 ) ) ;
#1555 = ORIENTED_EDGE ( 'NONE', *, *, #1038, .T. ) ;
#1556 = CYLINDRICAL_SURFACE ( 'NONE', #1682, 0.1499999999999999667 ) ;
#1557 = DIRECTION ( 'NONE',  ( -0.000000000000000000, -0.000000000000000000, -1.000000000000000000 ) ) ;
#1559 = EDGE_CURVE ( 'NONE', #1097, #390, #2118, .T. ) ;
#1558 = CARTESIAN_POINT ( 'NONE',  ( 0.4282554467710114054, 0.9699999999999995293, 1.228255446771011172 ) ) ;
#1560 = DIRECTION ( 'NONE',  ( -1.000000000000000000, 0.000000000000000000, 0.000000000000000000 ) ) ;
#1561 = CYLINDRICAL_SURFACE ( 'NONE', #1579, 0.2343303271435926427 ) ;
#1562 = VECTOR ( 'NONE', #884, 1000.000000000000000 ) ;
#1563 = DIRECTION ( 'NONE',  ( -0.000000000000000000, 0.000000000000000000, -1.000000000000000000 ) ) ;
#1564 = VECTOR ( 'NONE', #1994, 1000.000000000000000 ) ;
#1565 = DIRECTION ( 'NONE',  ( 0.000000000000000000, -0.000000000000000000, 1.000000000000000000 ) ) ;
#1566 = VECTOR ( 'NONE', #1779, 1000.000000000000000 ) ;
#1567 = CARTESIAN_POINT ( 'NONE',  ( -0.4718609227825336094, 0.2499999999999995837, 1.271860922782533931 ) ) ;
#1568 = LINE ( 'NONE', #1062, #1583 ) ;
#1569 = DIRECTION ( 'NONE',  ( 0.000000000000000000, -1.445602896647339706E-15, 1.000000000000000000 ) ) ;
#1570 = DIRECTION ( 'NONE',  ( -1.000000000000000000, 3.614007241618348771E-16, -5.079155943575320876E-17 ) ) ;
#1571 = CARTESIAN_POINT ( 'NONE',  ( -0.7250000000000000888, 0.2500000000000000000, 0.7500000000000000000 ) ) ;
#1572 = LINE ( 'NONE', #527, #1597 ) ;
#1573 = ADVANCED_FACE ( 'NONE', ( #624 ), #1368, .T. ) ;
#1574 = PLANE ( 'NONE',  #1786 ) ;
#1575 = AXIS2_PLACEMENT_3D ( 'NONE', #514, #2075, #381 ) ;
#1576 = MECHANICAL_DESIGN_GEOMETRIC_PRESENTATION_REPRESENTATION (  '', ( #783 ), #281 ) ;
#1577 = DIRECTION ( 'NONE',  ( 1.000000000000000000, 0.000000000000000000, 0.000000000000000000 ) ) ;
#1578 = VECTOR ( 'NONE', #870, 1000.000000000000000 ) ;
#1579 = AXIS2_PLACEMENT_3D ( 'NONE', #1800, #2159, #2135 ) ;
#1580 = EDGE_CURVE ( 'NONE', #651, #632, #1289, .T. ) ;
#1581 = DIRECTION ( 'NONE',  ( -0.000000000000000000, -0.000000000000000000, -1.000000000000000000 ) ) ;
#1582 = PLANE ( 'NONE',  #1772 ) ;
#1583 = VECTOR ( 'NONE', #1075, 1000.000000000000000 ) ;
#1584 = EDGE_CURVE ( 'NONE', #1394, #191, #556, .T. ) ;
#1585 = VECTOR ( 'NONE', #1194, 1000.000000000000000 ) ;
#1586 = ADVANCED_FACE ( 'NONE', ( #2049 ), #1865, .F. ) ;
#1587 = AXIS2_PLACEMENT_3D ( 'NONE', #517, #714, #893 ) ;
#1588 = DIRECTION ( 'NONE',  ( -0.000000000000000000, -0.000000000000000000, -1.000000000000000000 ) ) ;
#1589 = LINE ( 'NONE', #6, #1578 ) ;
#1590 = DIRECTION ( 'NONE',  ( -1.000000000000000000, 0.000000000000000000, 0.000000000000000000 ) ) ;
#1591 = CARTESIAN_POINT ( 'NONE',  ( -0.6499999999999999112, 0.4699999999999993072, 1.450000000000000178 ) ) ;
#1592 = CARTESIAN_POINT ( 'NONE',  ( -0.9593303271435925650, 0.2499999999999999445, 0.7500000000000000000 ) ) ;
#1593 = DIRECTION ( 'NONE',  ( 0.06975647374412513591, -0.9975640502598243087, 0.000000000000000000 ) ) ;
#1594 = LINE ( 'NONE', #1220, #1585 ) ;
#1595 = FILL_AREA_STYLE ('',( #1771 ) ) ;
#1596 = EDGE_CURVE ( 'NONE', #1070, #1411, #1295, .T. ) ;
#1597 = VECTOR ( 'NONE', #1941, 1000.000000000000114 ) ;
#1598 = EDGE_CURVE ( 'NONE', #1084, #445, #2051, .T. ) ;
#1599 = LINE ( 'NONE', #1698, #127 ) ;
#1600 = ADVANCED_FACE ( 'NONE', ( #2206 ), #725, .T. ) ;
#1601 = EDGE_CURVE ( 'NONE', #1953, #2239, #2154, .T. ) ;
#1602 = DIRECTION ( 'NONE',  ( 0.000000000000000000, -1.000000000000000000, -0.000000000000000000 ) ) ;
#1603 = DIRECTION ( 'NONE',  ( 1.000000000000000000, 0.000000000000000000, 0.000000000000000000 ) ) ;
#1604 =( NAMED_UNIT ( * ) PLANE_ANGLE_UNIT ( ) SI_UNIT ( $, .RADIAN. ) );
#1605 = DIRECTION ( 'NONE',  ( -0.000000000000000000, -0.000000000000000000, -1.000000000000000000 ) ) ;
#1606 = CIRCLE ( 'NONE', #2114, 0.1499999999999999667 ) ;
#1607 =( LENGTH_UNIT ( ) NAMED_UNIT ( * ) SI_UNIT ( .MILLI., .METRE. ) );
#1608 = AXIS2_PLACEMENT_3D ( 'NONE', #833, #11, #1359 ) ;
#1609 = CARTESIAN_POINT ( 'NONE',  ( 0.8649999999999998801, 0.3099999999999992761, 0.1999999999999999833 ) ) ;
#1610 = AXIS2_PLACEMENT_3D ( 'NONE', #1500, #1651, #1967 ) ;
#1611 = CIRCLE ( 'NONE', #2234, 0.1499999999999999667 ) ;
#1612 = DIRECTION ( 'NONE',  ( -0.9975640502598243087, 0.06975647374412513591, 0.000000000000000000 ) ) ;
#1613 = FACE_OUTER_BOUND ( 'NONE', #637, .T. ) ;
#1614 = CARTESIAN_POINT ( 'NONE',  ( -0.7250000000000000888, 0.3099999999999992761, 1.149999999999999911 ) ) ;
#1615 = DIRECTION ( 'NONE',  ( 1.000000000000000000, 3.614007241618349264E-16, -5.224419336987948372E-31 ) ) ;
#1616 = DIRECTION ( 'NONE',  ( -1.000000000000000000, -0.000000000000000000, -0.000000000000000000 ) ) ;
#1617 = ADVANCED_FACE ( 'NONE', ( #730 ), #1388, .T. ) ;
#1618 = AXIS2_PLACEMENT_3D ( 'NONE', #576, #539, #1958 ) ;
#1619 = CIRCLE ( 'NONE', #882, 0.1499999999999999944 ) ;
#1620 = CARTESIAN_POINT ( 'NONE',  ( 0.000000000000000000, 0.000000000000000000, 0.000000000000000000 ) ) ;
#1621 = EDGE_CURVE ( 'NONE', #1463, #1101, #643, .T. ) ;
#1622 = CYLINDRICAL_SURFACE ( 'NONE', #406, 0.1500000000000000777 ) ;
#1624 = EDGE_CURVE ( 'NONE', #1741, #613, #668, .T. ) ;
#1623 = DIRECTION ( 'NONE',  ( 0.000000000000000000, 0.000000000000000000, 1.000000000000000000 ) ) ;
#1625 = CIRCLE ( 'NONE', #2054, 0.1500000000000000222 ) ;
#1626 = CARTESIAN_POINT ( 'NONE',  ( 0.9593303271435925650, 0.2499999999999999445, -0.1999999999999999833 ) ) ;
#1627 = DIRECTION ( 'NONE',  ( 0.06975647374412513591, -0.9975640502598243087, 0.000000000000000000 ) ) ;
#1628 = CARTESIAN_POINT ( 'NONE',  ( 0.5014597896887642570, 0.4699999999999993072, -1.450000000000000178 ) ) ;
#1629 = VECTOR ( 'NONE', #136, 1000.000000000000000 ) ;
#1630 = DIRECTION ( 'NONE',  ( 0.1209742911513548569, -0.9852565360152930607, -0.1209742911513548569 ) ) ;
#1631 = ADVANCED_FACE ( 'NONE', ( #2178 ), #2079, .T. ) ;
#1632 = CARTESIAN_POINT ( 'NONE',  ( 0.7250000000000000888, 0.2500000000000000000, -0.1999999999999999833 ) ) ;
#1633 = PRESENTATION_STYLE_ASSIGNMENT (( #925 ) ) ;
#1634 =( BOUNDED_CURVE ( )  B_SPLINE_CURVE ( 3, ( #2033, #1204, #881, #164 ),
 .UNSPECIFIED., .F., .F. ) 
 B_SPLINE_CURVE_WITH_KNOTS ( ( 4, 4 ),
 ( 5.507473601127596652, 7.058897013231569595 ),
 .UNSPECIFIED. ) 
 CURVE ( )  GEOMETRIC_REPRESENTATION_ITEM ( )  RATIONAL_B_SPLINE_CURVE ( ( 1.000000000000000000, 0.8092819073308308297, 0.8092819073308308297, 1.000000000000000000 ) ) 
 REPRESENTATION_ITEM ( '' )  );
#1635 = CARTESIAN_POINT ( 'NONE',  ( -0.5032969313080895013, 0.4877453422341169187, 1.452178854054287926 ) ) ;
#1636 = CARTESIAN_POINT ( 'NONE',  ( -0.6499999999999999112, 0.4699999999999993072, -1.450000000000000178 ) ) ;
#1637 = CIRCLE ( 'NONE', #25, 0.1499999999999999667 ) ;
#1638 = AXIS2_PLACEMENT_3D ( 'NONE', #1274, #1760, #2216 ) ;
#1639 = CARTESIAN_POINT ( 'NONE',  ( -1.185000000000000053, 0.1396589670363756475, -0.7500000000000000000 ) ) ;
#1640 = CARTESIAN_POINT ( 'NONE',  ( 0.4795807680610756352, 0.6048013629010347003, -1.279580768061075569 ) ) ;
#1641 = CARTESIAN_POINT ( 'NONE',  ( 0.4282554467710114054, 0.9699999999999995293, 1.228255446771011394 ) ) ;
#1642 = VECTOR ( 'NONE', #1460, 1000.000000000000000 ) ;
#1643 = CARTESIAN_POINT ( 'NONE',  ( 1.175234093675822544, 1.411331559185746219E-16, -0.1999999999999999833 ) ) ;
#1644 = FACE_OUTER_BOUND ( 'NONE', #2130, .T. ) ;
#1645 = EDGE_CURVE ( 'NONE', #1515, #600, #2162, .T. ) ;
#1646 = CARTESIAN_POINT ( 'NONE',  ( -0.8649999999999998801, 0.3099999999999992761, -1.149999999999999911 ) ) ;
#1647 = VECTOR ( 'NONE', #155, 1000.000000000000000 ) ;
#1648 = CARTESIAN_POINT ( 'NONE',  ( -0.8649999999999998801, 0.3099999999999992761, -0.7500000000000000000 ) ) ;
#1649 = CARTESIAN_POINT ( 'NONE',  ( -0.8650000000000001021, 0.2500000000000000000, 1.149999999999999911 ) ) ;
#1650 = VECTOR ( 'NONE', #452, 1000.000000000000000 ) ;
#1651 = DIRECTION ( 'NONE',  ( 0.000000000000000000, 0.000000000000000000, 1.000000000000000000 ) ) ;
#1652 = DIRECTION ( 'NONE',  ( -0.000000000000000000, -0.000000000000000000, -1.000000000000000000 ) ) ;
#1653 = CARTESIAN_POINT ( 'NONE',  ( -0.7250000000000000888, 0.3099999999999992761, 0.7500000000000000000 ) ) ;
#1654 = DIRECTION ( 'NONE',  ( -0.1218693434051474900, 0.9925461516413219831, 0.000000000000000000 ) ) ;
#1655 = VECTOR ( 'NONE', #1299, 1000.000000000000000 ) ;
#1656 = FACE_OUTER_BOUND ( 'NONE', #2133, .T. ) ;
#1657 = CARTESIAN_POINT ( 'NONE',  ( -0.4282554467710113499, 0.9908759651440094407, 1.376795657082247049 ) ) ;
#1658 = LINE ( 'NONE', #1246, #918 ) ;
#1659 = ORIENTED_EDGE ( 'NONE', *, *, #1499, .F. ) ;
#1660 = DIRECTION ( 'NONE',  ( 0.000000000000000000, 0.1218693434051479618, 0.9925461516413219831 ) ) ;
#1661 = ADVANCED_FACE ( 'NONE', ( #657 ), #1412, .F. ) ;
#1662 = CYLINDRICAL_SURFACE ( 'NONE', #242, 0.1499999999999999667 ) ;
#1663 = AXIS2_PLACEMENT_3D ( 'NONE', #914, #772, #284 ) ;
#1664 = ORIENTED_EDGE ( 'NONE', *, *, #1505, .F. ) ;
#1665 = DIRECTION ( 'NONE',  ( -0.000000000000000000, -0.000000000000000000, -1.000000000000000000 ) ) ;
#1666 = EDGE_CURVE ( 'NONE', #1201, #2208, #1382, .T. ) ;
#1667 = CARTESIAN_POINT ( 'NONE',  ( 0.4842717184526448282, 0.3510778193841929684, 1.284271718452645317 ) ) ;
#1668 = CARTESIAN_POINT ( 'NONE',  ( -0.6328101614735932579, 0.3299999999999992384, 1.149999999999999911 ) ) ;
#1669 = ADVANCED_FACE ( 'NONE', ( #1429 ), #720, .T. ) ;
#1670 =( NAMED_UNIT ( * ) SI_UNIT ( $, .STERADIAN. ) SOLID_ANGLE_UNIT ( ) );
#1671 = VECTOR ( 'NONE', #1144, 1000.000000000000114 ) ;
#1672 = ORIENTED_EDGE ( 'NONE', *, *, #280, .T. ) ;
#1673 = EDGE_CURVE ( 'NONE', #1147, #1712, #736, .T. ) ;
#1674 = DIRECTION ( 'NONE',  ( -0.1378445374916289212, -0.9808148484639891418, -0.1378445374916289212 ) ) ;
#1675 = EDGE_LOOP ( 'NONE', ( #750, #1010, #1949, #1438 ) ) ;
#1676 = EDGE_CURVE ( 'NONE', #1205, #786, #1405, .T. ) ;
#1677 = LINE ( 'NONE', #1508, #1629 ) ;
#1678 = CARTESIAN_POINT ( 'NONE',  ( 0.8650000000000001021, 0.2500000000000000000, 0.1999999999999999833 ) ) ;
#1679 = ORIENTED_EDGE ( 'NONE', *, *, #1356, .F. ) ;
#1680 = CARTESIAN_POINT ( 'NONE',  ( 0.6500000000000000222, 0.4699999999999993072, -1.301459789688764523 ) ) ;
#1681 = FACE_OUTER_BOUND ( 'NONE', #73, .T. ) ;
#1682 = AXIS2_PLACEMENT_3D ( 'NONE', #1667, #498, #510 ) ;
#1683 = AXIS2_PLACEMENT_3D ( 'NONE', #400, #339, #1590 ) ;
#1684 = ORIENTED_EDGE ( 'NONE', *, *, #2249, .F. ) ;
#1685 = CARTESIAN_POINT ( 'NONE',  ( -0.5767956570822467821, 0.9908759651440094407, -1.358648457443444979 ) ) ;
#1686 = DIRECTION ( 'NONE',  ( 0.000000000000000000, -0.000000000000000000, -1.000000000000000000 ) ) ;
#1687 = DIRECTION ( 'NONE',  ( -0.1209742911513548569, -0.9852565360152930607, -0.1209742911513549818 ) ) ;
#1688 = DIRECTION ( 'NONE',  ( -0.000000000000000000, -0.000000000000000000, -1.000000000000000000 ) ) ;
#1689 =( GEOMETRIC_REPRESENTATION_CONTEXT ( 3 ) GLOBAL_UNCERTAINTY_ASSIGNED_CONTEXT ( ( #770 ) ) GLOBAL_UNIT_ASSIGNED_CONTEXT ( ( #1607, #930, #1251 ) ) REPRESENTATION_CONTEXT ( 'NONE', 'WORKASPACE' ) );
#1690 = VERTEX_POINT ( 'NONE', #1217 ) ;
#1691 = AXIS2_PLACEMENT_3D ( 'NONE', #2042, #1232, #735 ) ;
#1692 = CARTESIAN_POINT ( 'NONE',  ( -0.7250000000000000888, 0.3099999999999992761, 1.149999999999999911 ) ) ;
#1693 = ORIENTED_EDGE ( 'NONE', *, *, #598, .F. ) ;
#1694 = LINE ( 'NONE', #159, #1671 ) ;
#1695 = CARTESIAN_POINT ( 'NONE',  ( -0.6498945877798972814, 0.4707492538278109651, -1.388712768947772735 ) ) ;
#1696 = CARTESIAN_POINT ( 'NONE',  ( -0.6499999999999999112, 0.4699999999999993072, -1.450000000000000178 ) ) ;
#1697 = ORIENTED_EDGE ( 'NONE', *, *, #627, .T. ) ;
#1698 = CARTESIAN_POINT ( 'NONE',  ( -0.9429842698307482340, 0.01624048975592810862, -0.7500000000000000000 ) ) ;
#1699 = DIRECTION ( 'NONE',  ( 0.000000000000000000, 0.1391731009600657432, -0.9902680687415703620 ) ) ;
#1700 = CYLINDRICAL_SURFACE ( 'NONE', #1894, 0.1499999999999999667 ) ;
#1701 = EDGE_CURVE ( 'NONE', #1115, #1690, #684, .T. ) ;
#1702 = ORIENTED_EDGE ( 'NONE', *, *, #1103, .F. ) ;
#1703 = CARTESIAN_POINT ( 'NONE',  ( 0.7050000000000000711, 0.3099999999999992761, 0.1999999999999999833 ) ) ;
#1704 = EDGE_CURVE ( 'NONE', #1953, #50, #2148, .T. ) ;
#1705 = CARTESIAN_POINT ( 'NONE',  ( 0.4282554467710114054, 1.119999999999999440, -1.358648457443444979 ) ) ;
#1706 = FACE_OUTER_BOUND ( 'NONE', #1354, .T. ) ;
#1707 = EDGE_CURVE ( 'NONE', #1361, #1966, #2138, .T. ) ;
#1708 = ORIENTED_EDGE ( 'NONE', *, *, #354, .F. ) ;
#1709 = DIRECTION ( 'NONE',  ( 0.06975647374412545509, 0.9975640502598243087, 0.000000000000000000 ) ) ;
#1710 = LINE ( 'NONE', #1740, #957 ) ;
#1711 = CARTESIAN_POINT ( 'NONE',  ( -0.5042822195322410606, 0.4290414030041618254, -1.304282219532241216 ) ) ;
#1712 = VERTEX_POINT ( 'NONE', #1071 ) ;
#1713 = CARTESIAN_POINT ( 'NONE',  ( 0.6207428455287319347, 0.2317195984892274074, -1.404569712465925324 ) ) ;
#1714 = LINE ( 'NONE', #1148, #1739 ) ;
#1715 = CARTESIAN_POINT ( 'NONE',  ( 0.6500000000000000222, 0.4699999999999993072, -1.450000000000000178 ) ) ;
#1716 = EDGE_LOOP ( 'NONE', ( #941, #1898, #372, #47 ) ) ;
#1717 = DIRECTION ( 'NONE',  ( 1.000000000000000000, 0.000000000000000000, 0.000000000000000000 ) ) ;
#1718 = CARTESIAN_POINT ( 'NONE',  ( 0.8649999999999998801, 0.3099999999999992761, -0.1999999999999999833 ) ) ;
#1719 = LINE ( 'NONE', #2161, #1765 ) ;
#1720 = ORIENTED_EDGE ( 'NONE', *, *, #1732, .T. ) ;
#1721 = CARTESIAN_POINT ( 'NONE',  ( 0.6500000000000000222, 0.4699999999999993072, -1.301459789688764523 ) ) ;
#1722 = LINE ( 'NONE', #1279, #967 ) ;
#1723 = ORIENTED_EDGE ( 'NONE', *, *, #1580, .T. ) ;
#1724 = FACE_OUTER_BOUND ( 'NONE', #346, .T. ) ;
#1725 = AXIS2_PLACEMENT_3D ( 'NONE', #1069, #246, #417 ) ;
#1726 = DIRECTION ( 'NONE',  ( -1.000000000000000000, 0.000000000000000000, 0.000000000000000000 ) ) ;
#1727 = ORIENTED_EDGE ( 'NONE', *, *, #1192, .F. ) ;
#1728 = VECTOR ( 'NONE', #562, 1000.000000000000114 ) ;
#1729 = CARTESIAN_POINT ( 'NONE',  ( 0.6207428455287319347, 0.2317195984892274074, 1.271860922782533931 ) ) ;
#1730 = ORIENTED_EDGE ( 'NONE', *, *, #1343, .F. ) ;
#1732 = EDGE_CURVE ( 'NONE', #1827, #1789, #2187, .T. ) ;
#1731 = CARTESIAN_POINT ( 'NONE',  ( -0.4718609227825336094, 0.09999999999999961697, -1.404569712465925324 ) ) ;
#1733 = DIRECTION ( 'NONE',  ( 0.06975647374412498325, -0.9975640502598243087, -0.000000000000000000 ) ) ;
#1734 = VECTOR ( 'NONE', #1788, 1000.000000000000000 ) ;
#1735 = ORIENTED_EDGE ( 'NONE', *, *, #675, .T. ) ;
#1736 = FACE_OUTER_BOUND ( 'NONE', #55, .T. ) ;
#1737 = PLANE ( 'NONE',  #961 ) ;
#1738 = VERTEX_POINT ( 'NONE', #324 ) ;
#1739 = VECTOR ( 'NONE', #2228, 1000.000000000000000 ) ;
#1740 = CARTESIAN_POINT ( 'NONE',  ( 0.9429842698307482340, 0.01624048975592810862, 0.1999999999999999833 ) ) ;
#1741 = VERTEX_POINT ( 'NONE', #2225 ) ;
#1742 = FACE_OUTER_BOUND ( 'NONE', #342, .T. ) ;
#1743 = DIRECTION ( 'NONE',  ( 1.000000000000000000, 0.000000000000000000, 0.000000000000000000 ) ) ;
#1744 = EDGE_LOOP ( 'NONE', ( #1489, #945, #205, #777 ) ) ;
#1745 = AXIS2_PLACEMENT_3D ( 'NONE', #1546, #267, #1968 ) ;
#1746 = DIRECTION ( 'NONE',  ( -0.000000000000000000, -0.000000000000000000, -1.000000000000000000 ) ) ;
#1747 = LINE ( 'NONE', #1407, #1728 ) ;
#1748 = ORIENTED_EDGE ( 'NONE', *, *, #1209, .T. ) ;
#1749 = CARTESIAN_POINT ( 'NONE',  ( 0.8650000000000001021, 0.2500000000000000000, -0.1999999999999999833 ) ) ;
#1750 = ORIENTED_EDGE ( 'NONE', *, *, #1467, .F. ) ;
#1751 = AXIS2_PLACEMENT_3D ( 'NONE', #1567, #1726, #2176 ) ;
#1752 = VECTOR ( 'NONE', #195, 1000.000000000000000 ) ;
#1753 = CARTESIAN_POINT ( 'NONE',  ( 0.4718609227825337760, 0.2499999999999995837, -1.271860922782533931 ) ) ;
#1754 = ORIENTED_EDGE ( 'NONE', *, *, #815, .T. ) ;
#1755 = VECTOR ( 'NONE', #2092, 1000.000000000000000 ) ;
#1756 = EDGE_CURVE ( 'NONE', #1445, #1827, #2194, .T. ) ;
#1757 = DIRECTION ( 'NONE',  ( -1.000000000000000000, 0.000000000000000000, 0.000000000000000000 ) ) ;
#1758 = ORIENTED_EDGE ( 'NONE', *, *, #352, .T. ) ;
#1759 = DIRECTION ( 'NONE',  ( -1.000000000000000000, 0.000000000000000000, 0.000000000000000000 ) ) ;
#1760 = DIRECTION ( 'NONE',  ( 0.000000000000000000, 1.000000000000000000, -0.000000000000000000 ) ) ;
#1761 = VECTOR ( 'NONE', #80, 1000.000000000000000 ) ;
#1762 = EDGE_CURVE ( 'NONE', #398, #2247, #1399, .T. ) ;
#1763 = EDGE_LOOP ( 'NONE', ( #1672, #602, #662, #259 ) ) ;
#1764 = CARTESIAN_POINT ( 'NONE',  ( 0.5767956570822468931, 0.9908759651440094407, -1.228255446771011394 ) ) ;
#1765 = VECTOR ( 'NONE', #1983, 1000.000000000000000 ) ;
#1766 = CARTESIAN_POINT ( 'NONE',  ( -0.6328101614735932579, 0.3299999999999992384, 1.149999999999999911 ) ) ;
#1767 = CARTESIAN_POINT ( 'NONE',  ( -0.6528224298434764927, 0.4499173681481716813, -1.304282219532241216 ) ) ;
#1768 = CARTESIAN_POINT ( 'NONE',  ( -0.6328101614735932579, 0.3299999999999992384, 1.149999999999999911 ) ) ;
#1769 =( NAMED_UNIT ( * ) SI_UNIT ( $, .STERADIAN. ) SOLID_ANGLE_UNIT ( ) );
#1770 = ADVANCED_FACE ( 'NONE', ( #1444 ), #701, .T. ) ;
#1771 = FILL_AREA_STYLE_COLOUR ( '', #1176 ) ;
#1772 = AXIS2_PLACEMENT_3D ( 'NONE', #2021, #1699, #871 ) ;
#1773 = EDGE_CURVE ( 'NONE', #752, #454, #1469, .T. ) ;
#1774 =( BOUNDED_CURVE ( )  B_SPLINE_CURVE ( 3, ( #1012, #1695, #1802, #800 ),
 .UNSPECIFIED., .F., .F. ) 
 B_SPLINE_CURVE_WITH_KNOTS ( ( 4, 4 ),
 ( 5.507473601127601981, 7.058897013231570483 ),
 .UNSPECIFIED. ) 
 CURVE ( )  GEOMETRIC_REPRESENTATION_ITEM ( )  RATIONAL_B_SPLINE_CURVE ( ( 1.000000000000000000, 0.8092819073308318290, 0.8092819073308318290, 1.000000000000000000 ) ) 
 REPRESENTATION_ITEM ( '' )  );
#1775 = DIRECTION ( 'NONE',  ( -1.000000000000000000, 0.000000000000000000, 0.000000000000000000 ) ) ;
#1776 = EDGE_CURVE ( 'NONE', #1690, #734, #1774, .T. ) ;
#1777 = ORIENTED_EDGE ( 'NONE', *, *, #753, .F. ) ;
#1778 = EDGE_CURVE ( 'NONE', #982, #333, #2235, .T. ) ;
#1779 = DIRECTION ( 'NONE',  ( -0.06975647374412498325, -0.9975640502598243087, 0.000000000000000000 ) ) ;
#1780 = CARTESIAN_POINT ( 'NONE',  ( -0.5586484574434450456, 1.119999999999999440, -1.228255446771011172 ) ) ;
#1781 = ORIENTED_EDGE ( 'NONE', *, *, #627, .F. ) ;
#1782 = DIRECTION ( 'NONE',  ( 1.000000000000000000, 0.000000000000000000, -0.000000000000000000 ) ) ;
#1783 = EDGE_CURVE ( 'NONE', #613, #2166, #705, .T. ) ;
#1784 = VERTEX_POINT ( 'NONE', #683 ) ;
#1785 = PLANE ( 'NONE',  #1520 ) ;
#1786 = AXIS2_PLACEMENT_3D ( 'NONE', #707, #61, #1948 ) ;
#1787 = VERTEX_POINT ( 'NONE', #167 ) ;
#1788 = DIRECTION ( 'NONE',  ( -1.000000000000000000, -0.000000000000000000, -0.000000000000000000 ) ) ;
#1789 = VERTEX_POINT ( 'NONE', #876 ) ;
#1790 = CARTESIAN_POINT ( 'NONE',  ( 0.6500000000000000222, 0.4699999999999993072, 1.301459789688763413 ) ) ;
#1791 = DIRECTION ( 'NONE',  ( 1.000000000000000000, -1.084202172485504631E-15, -1.523746783072596263E-16 ) ) ;
#1792 = ORIENTED_EDGE ( 'NONE', *, *, #2243, .T. ) ;
#1793 = DIRECTION ( 'NONE',  ( 0.1218693434051474900, 0.9925461516413219831, 0.000000000000000000 ) ) ;
#1794 = DIRECTION ( 'NONE',  ( 0.000000000000000000, 0.1218693434051479618, -0.9925461516413219831 ) ) ;
#1795 = ORIENTED_EDGE ( 'NONE', *, *, #981, .T. ) ;
#1796 = EDGE_CURVE ( 'NONE', #348, #1493, #1450, .T. ) ;
#1797 = DIRECTION ( 'NONE',  ( -1.456459122083967149E-15, -0.000000000000000000, -1.000000000000000000 ) ) ;
#1798 = AXIS2_PLACEMENT_3D ( 'NONE', #327, #1234, #1203 ) ;
#1799 = ORIENTED_EDGE ( 'NONE', *, *, #413, .F. ) ;
#1800 = CARTESIAN_POINT ( 'NONE',  ( -0.9593303271435925650, 0.2499999999999999445, -0.7500000000000000000 ) ) ;
#1801 = PLANE ( 'NONE',  #349 ) ;
#1802 = CARTESIAN_POINT ( 'NONE',  ( -0.5887127689477725800, 0.4707492538278109651, -1.449894587779897215 ) ) ;
#1803 = ADVANCED_FACE ( 'NONE', ( #1378 ), #648, .T. ) ;
#1804 = ORIENTED_EDGE ( 'NONE', *, *, #890, .T. ) ;
#1805 = ADVANCED_FACE ( 'NONE', ( #2200 ), #1336, .F. ) ;
#1806 = CARTESIAN_POINT ( 'NONE',  ( 0.6500000000000000222, 0.4699999999999993072, -1.450000000000000178 ) ) ;
#1807 = CARTESIAN_POINT ( 'NONE',  ( 0.4795807680610754131, 0.6256773280450445007, -1.428120978372311223 ) ) ;
#1808 = CARTESIAN_POINT ( 'NONE',  ( -0.4282554467710112389, 0.9699999999999995293, 1.228255446771011394 ) ) ;
#1809 = ORIENTED_EDGE ( 'NONE', *, *, #1056, .F. ) ;
#1810 = DIRECTION ( 'NONE',  ( 1.000000000000000000, 0.000000000000000000, 0.000000000000000000 ) ) ;
#1811 = CARTESIAN_POINT ( 'NONE',  ( 0.9593303271435925650, 0.2499999999999999445, 0.1999999999999999833 ) ) ;
#1812 = ORIENTED_EDGE ( 'NONE', *, *, #717, .T. ) ;
#1813 = AXIS2_PLACEMENT_3D ( 'NONE', #611, #837, #1172 ) ;
#1814 = ORIENTED_EDGE ( 'NONE', *, *, #1584, .T. ) ;
#1815 = EDGE_LOOP ( 'NONE', ( #2244, #412, #563, #794, #548, #557, #265, #12, #622, #1441, #2128, #416 ) ) ;
#1816 =( GEOMETRIC_REPRESENTATION_CONTEXT ( 3 ) GLOBAL_UNCERTAINTY_ASSIGNED_CONTEXT ( ( #449 ) ) GLOBAL_UNIT_ASSIGNED_CONTEXT ( ( #1107, #554, #1769 ) ) REPRESENTATION_CONTEXT ( 'NONE', 'WORKASPACE' ) );
#1817 = ORIENTED_EDGE ( 'NONE', *, *, #1676, .F. ) ;
#1818 = DIRECTION ( 'NONE',  ( -0.000000000000000000, 1.000000000000000000, -0.000000000000000000 ) ) ;
#1819 = VERTEX_POINT ( 'NONE', #969 ) ;
#1820 = VERTEX_POINT ( 'NONE', #1089 ) ;
#1821 = AXIS2_PLACEMENT_3D ( 'NONE', #1853, #1911, #528 ) ;
#1822 = DIRECTION ( 'NONE',  ( 1.000000000000000000, 0.000000000000000000, 0.000000000000000000 ) ) ;
#1823 = ADVANCED_FACE ( 'NONE', ( #2223 ), #1462, .T. ) ;
#1824 = CARTESIAN_POINT ( 'NONE',  ( -0.4282554467710112389, 0.9699999999999995293, -1.228255446771011394 ) ) ;
#1825 = ORIENTED_EDGE ( 'NONE', *, *, #1960, .T. ) ;
#1826 = CARTESIAN_POINT ( 'NONE',  ( 0.4718609227825337205, 0.2499999999999995837, 1.271860922782533931 ) ) ;
#1827 = VERTEX_POINT ( 'NONE', #1639 ) ;
#1828 = ORIENTED_EDGE ( 'NONE', *, *, #193, .F. ) ;
#1829 = EDGE_CURVE ( 'NONE', #1394, #1428, #1419, .T. ) ;
#1830 = CARTESIAN_POINT ( 'NONE',  ( -1.185000000000000053, 0.1396589670363756475, 1.149999999999999911 ) ) ;
#1831 = VERTEX_POINT ( 'NONE', #435 ) ;
#1832 = DIRECTION ( 'NONE',  ( 0.1218693434051477398, -0.9925461516413219831, 0.000000000000000000 ) ) ;
#1833 = VERTEX_POINT ( 'NONE', #2120 ) ;
#1834 = EDGE_CURVE ( 'NONE', #330, #2166, #2241, .T. ) ;
#1835 = ORIENTED_EDGE ( 'NONE', *, *, #810, .T. ) ;
#1836 = CARTESIAN_POINT ( 'NONE',  ( 0.4718609227825337205, 0.2499999999999995837, -1.271860922782533931 ) ) ;
#1837 = VERTEX_POINT ( 'NONE', #1414 ) ;
#1838 = ORIENTED_EDGE ( 'NONE', *, *, #1559, .T. ) ;
#1839 = DIRECTION ( 'NONE',  ( 0.9975640502598243087, -0.06975647374412514978, 0.000000000000000000 ) ) ;
#1840 = DIRECTION ( 'NONE',  ( 1.000000000000000000, -0.000000000000000000, -0.000000000000000000 ) ) ;
#1841 = ORIENTED_EDGE ( 'NONE', *, *, #842, .T. ) ;
#1842 = DIRECTION ( 'NONE',  ( -6.094987132290389982E-16, 4.336808689942018525E-15, -1.000000000000000000 ) ) ;
#1843 = ORIENTED_EDGE ( 'NONE', *, *, #173, .T. ) ;
#1844 = AXIS2_PLACEMENT_3D ( 'NONE', #341, #355, #162 ) ;
#1845 = EDGE_LOOP ( 'NONE', ( #1521, #1750, #1198, #270 ) ) ;
#1846 = DIRECTION ( 'NONE',  ( 0.000000000000000000, 0.1391731009600656321, -0.9902680687415703620 ) ) ;
#1847 = CLOSED_SHELL ( 'NONE', ( #430, #1106, #1631, #728, #108, #1235, #2156, #1803, #749, #389, #1770, #1125, #231, #1128, #1237, #237, #2009, #813, #2077, #1145, #1280, #2005, #392, #949, #208, #414, #1397, #583, #773, #1600, #1669, #852, #1990, #1823 ) ) ;
#1848 = ORIENTED_EDGE ( 'NONE', *, *, #1960, .F. ) ;
#1849 = CARTESIAN_POINT ( 'NONE',  ( -0.9527501761549258541, 0.1558994567923035202, -0.7500000000000000000 ) ) ;
#1850 = CARTESIAN_POINT ( 'NONE',  ( -0.6499999999999999112, 0.4699999999999993072, -0.7500000000000000000 ) ) ;
#1851 = VERTEX_POINT ( 'NONE', #567 ) ;
#1852 = CARTESIAN_POINT ( 'NONE',  ( -0.8650000000000001021, 0.2500000000000000000, 0.7500000000000000000 ) ) ;
#1853 = CARTESIAN_POINT ( 'NONE',  ( -0.7050000000000000711, 0.3099999999999992761, 1.149999999999999911 ) ) ;
#1854 = CARTESIAN_POINT ( 'NONE',  ( -0.6499999999999999112, 0.4699999999999993072, -1.450000000000000178 ) ) ;
#1855 = ORIENTED_EDGE ( 'NONE', *, *, #956, .F. ) ;
#1856 = AXIS2_PLACEMENT_3D ( 'NONE', #1641, #737, #2145 ) ;
#1857 = VERTEX_POINT ( 'NONE', #451 ) ;
#1858 = DIRECTION ( 'NONE',  ( 0.000000000000000000, 0.000000000000000000, 1.000000000000000000 ) ) ;
#1859 = DIRECTION ( 'NONE',  ( -0.1209742911513548291, 0.9852565360152931717, 0.1209742911513548291 ) ) ;
#1860 = CARTESIAN_POINT ( 'NONE',  ( -0.9429842698307482340, 0.01624048975592813637, -0.7500000000000000000 ) ) ;
#1861 = VERTEX_POINT ( 'NONE', #1437 ) ;
#1862 = PLANE ( 'NONE',  #187 ) ;
#1863 = ORIENTED_EDGE ( 'NONE', *, *, #1161, .T. ) ;
#1864 = EDGE_CURVE ( 'NONE', #1741, #330, #1479, .T. ) ;
#1865 = PLANE ( 'NONE',  #851 ) ;
#1866 = ORIENTED_EDGE ( 'NONE', *, *, #1666, .T. ) ;
#1867 = DIRECTION ( 'NONE',  ( -1.000000000000000000, 0.000000000000000000, 0.000000000000000000 ) ) ;
#1868 = ORIENTED_EDGE ( 'NONE', *, *, #883, .F. ) ;
#1869 = ORIENTED_EDGE ( 'NONE', *, *, #1864, .T. ) ;
#1870 = EDGE_CURVE ( 'NONE', #1088, #1837, #1531, .T. ) ;
#1871 = ORIENTED_EDGE ( 'NONE', *, *, #2213, .F. ) ;
#1872 = CARTESIAN_POINT ( 'NONE',  ( 0.4842717184526448282, 0.3327974178734207644, 1.433153641198843475 ) ) ;
#1873 = DIRECTION ( 'NONE',  ( 0.000000000000000000, 0.000000000000000000, 1.000000000000000000 ) ) ;
#1874 = VERTEX_POINT ( 'NONE', #580 ) ;
#1875 = ORIENTED_EDGE ( 'NONE', *, *, #1783, .T. ) ;
#1876 = DIRECTION ( 'NONE',  ( 0.9975640502598241977, 0.06975647374412544122, -0.000000000000000000 ) ) ;
#1877 = CARTESIAN_POINT ( 'NONE',  ( -0.5767956570822467821, 0.9908759651440094407, -1.228255446771011394 ) ) ;
#1878 = ORIENTED_EDGE ( 'NONE', *, *, #784, .T. ) ;
#1879 = ORIENTED_EDGE ( 'NONE', *, *, #2058, .F. ) ;
#1880 = ORIENTED_EDGE ( 'NONE', *, *, #1501, .T. ) ;
#1881 = CARTESIAN_POINT ( 'NONE',  ( -0.4282554467710112944, 0.9699999999999995293, 0.000000000000000000 ) ) ;
#1882 = ORIENTED_EDGE ( 'NONE', *, *, #1979, .F. ) ;
#1883 = ORIENTED_EDGE ( 'NONE', *, *, #791, .F. ) ;
#1884 = ORIENTED_EDGE ( 'NONE', *, *, #977, .F. ) ;
#1885 = DIRECTION ( 'NONE',  ( 0.9975640502598241977, -0.06975647374412544122, 0.000000000000000000 ) ) ;
#1886 = DIRECTION ( 'NONE',  ( -1.459809663947266513E-15, 0.000000000000000000, -1.000000000000000000 ) ) ;
#1887 = VERTEX_POINT ( 'NONE', #1233 ) ;
#1888 = ORIENTED_EDGE ( 'NONE', *, *, #483, .F. ) ;
#1889 = AXIS2_PLACEMENT_3D ( 'NONE', #594, #1627, #1485 ) ;
#1890 = CARTESIAN_POINT ( 'NONE',  ( 0.6500000000000000222, 0.4699999999999993072, -1.450000000000000178 ) ) ;
#1891 = DIRECTION ( 'NONE',  ( -1.000000000000000000, 0.000000000000000000, 0.000000000000000000 ) ) ;
#1892 = ORIENTED_EDGE ( 'NONE', *, *, #1598, .T. ) ;
#1893 = ORIENTED_EDGE ( 'NONE', *, *, #2086, .T. ) ;
#1894 = AXIS2_PLACEMENT_3D ( 'NONE', #856, #993, #1660 ) ;
#1895 = EDGE_CURVE ( 'NONE', #1375, #315, #19, .T. ) ;
#1896 = EDGE_CURVE ( 'NONE', #649, #1857, #1549, .T. ) ;
#1897 = EDGE_LOOP ( 'NONE', ( #1883, #1420, #697, #1812 ) ) ;
#1898 = ORIENTED_EDGE ( 'NONE', *, *, #64, .F. ) ;
#1899 = DIRECTION ( 'NONE',  ( 0.000000000000000000, -0.000000000000000000, -1.000000000000000000 ) ) ;
#1900 = EDGE_CURVE ( 'NONE', #333, #1072, #758, .T. ) ;
#1901 = CARTESIAN_POINT ( 'NONE',  ( -0.6328101614735932579, 0.3299999999999992384, -0.7500000000000000000 ) ) ;
#1902 = EDGE_LOOP ( 'NONE', ( #1119, #1878, #1679 ) ) ;
#1903 = ORIENTED_EDGE ( 'NONE', *, *, #598, .T. ) ;
#1905 = EDGE_CURVE ( 'NONE', #1425, #947, #26, .T. ) ;
#1904 = CARTESIAN_POINT ( 'NONE',  ( 0.4718609227825337205, 0.2499999999999995837, -1.450000000000000178 ) ) ;
#1906 = VERTEX_POINT ( 'NONE', #1955 ) ;
#1907 = ORIENTED_EDGE ( 'NONE', *, *, #1387, .T. ) ;
#1908 = DIRECTION ( 'NONE',  ( -1.000000000000000000, 0.000000000000000000, 0.000000000000000000 ) ) ;
#1909 = ORIENTED_EDGE ( 'NONE', *, *, #1081, .T. ) ;
#1910 = ORIENTED_EDGE ( 'NONE', *, *, #1624, .F. ) ;
#1911 = DIRECTION ( 'NONE',  ( -0.000000000000000000, -0.000000000000000000, -1.000000000000000000 ) ) ;
#1912 = ADVANCED_FACE ( 'NONE', ( #41 ), #71, .F. ) ;
#1913 = AXIS2_PLACEMENT_3D ( 'NONE', #1225, #1239, #105 ) ;
#1914 = EDGE_LOOP ( 'NONE', ( #1848, #1162, #365, #1922, #1155, #721 ) ) ;
#1915 = ORIENTED_EDGE ( 'NONE', *, *, #1778, .T. ) ;
#1916 = AXIS2_PLACEMENT_3D ( 'NONE', #541, #558, #1468 ) ;
#1917 = PRODUCT_CONTEXT ( 'NONE', #793, 'mechanical' ) ;
#1918 = ORIENTED_EDGE ( 'NONE', *, *, #441, .T. ) ;
#1919 = ORIENTED_EDGE ( 'NONE', *, *, #2125, .T. ) ;
#1920 = AXIS2_PLACEMENT_3D ( 'NONE', #1636, #276, #843 ) ;
#1921 = DIRECTION ( 'NONE',  ( -0.9975640502598243087, -0.06975647374412514978, 0.000000000000000000 ) ) ;
#1922 = ORIENTED_EDGE ( 'NONE', *, *, #1161, .F. ) ;
#1923 = ORIENTED_EDGE ( 'NONE', *, *, #444, .T. ) ;
#1924 = CARTESIAN_POINT ( 'NONE',  ( -0.4282554467710112389, 0.9699999999999995293, 1.228255446771011394 ) ) ;
#1925 = EDGE_LOOP ( 'NONE', ( #801, #220, #1933, #742 ) ) ;
#1926 = EDGE_LOOP ( 'NONE', ( #326, #1335, #1149, #2195 ) ) ;
#1927 = EDGE_CURVE ( 'NONE', #1906, #1515, #31, .T. ) ;
#1928 = DIRECTION ( 'NONE',  ( 0.000000000000000000, 1.445602896647339706E-15, 1.000000000000000000 ) ) ;
#1929 = ORIENTED_EDGE ( 'NONE', *, *, #1270, .T. ) ;
#1930 = ADVANCED_FACE ( 'NONE', ( #1552 ), #85, .F. ) ;
#1931 = EDGE_CURVE ( 'NONE', #1493, #353, #1498, .T. ) ;
#1932 = DIRECTION ( 'NONE',  ( 1.000000000000000000, 0.000000000000000000, -0.000000000000000000 ) ) ;
#1933 = ORIENTED_EDGE ( 'NONE', *, *, #1224, .F. ) ;
#1934 = LINE ( 'NONE', #1238, #1951 ) ;
#1935 = PLANE ( 'NONE',  #943 ) ;
#1936 = ORIENTED_EDGE ( 'NONE', *, *, #1666, .F. ) ;
#1937 = DIRECTION ( 'NONE',  ( -0.1378445374916289212, -0.9808148484639890308, -0.1378445374916289212 ) ) ;
#1938 = DIRECTION ( 'NONE',  ( -0.1378445374916292543, -0.9808148484639889197, 0.1378445374916290600 ) ) ;
#1939 = AXIS2_PLACEMENT_3D ( 'NONE', #1854, #137, #1832 ) ;
#1940 = ORIENTED_EDGE ( 'NONE', *, *, #1506, .T. ) ;
#1941 = DIRECTION ( 'NONE',  ( -0.1218693434051474900, 0.9925461516413219831, 0.000000000000000000 ) ) ;
#1942 = CARTESIAN_POINT ( 'NONE',  ( 0.7050000000000000711, 0.4699999999999991962, 0.1999999999999999833 ) ) ;
#1943 = VECTOR ( 'NONE', #1166, 1000.000000000000114 ) ;
#1944 = ORIENTED_EDGE ( 'NONE', *, *, #383, .F. ) ;
#1945 = MECHANICAL_DESIGN_GEOMETRIC_PRESENTATION_REPRESENTATION (  '', ( #903 ), #1816 ) ;
#1946 = CARTESIAN_POINT ( 'NONE',  ( -0.4718609227825336094, 0.2499999999999995837, 1.271860922782533931 ) ) ;
#1947 = PRESENTATION_STYLE_ASSIGNMENT (( #75 ) ) ;
#1948 = DIRECTION ( 'NONE',  ( 0.000000000000000000, -0.000000000000000000, -1.000000000000000000 ) ) ;
#1949 = ORIENTED_EDGE ( 'NONE', *, *, #1254, .F. ) ;
#1950 =( GEOMETRIC_REPRESENTATION_CONTEXT ( 3 ) GLOBAL_UNCERTAINTY_ASSIGNED_CONTEXT ( ( #2080 ) ) GLOBAL_UNIT_ASSIGNED_CONTEXT ( ( #1020, #318, #1670 ) ) REPRESENTATION_CONTEXT ( 'NONE', 'WORKASPACE' ) );
#1951 = VECTOR ( 'NONE', #1423, 1000.000000000000000 ) ;
#1952 = PLANE ( 'NONE',  #522 ) ;
#1953 = VERTEX_POINT ( 'NONE', #1258 ) ;
#1954 = EDGE_CURVE ( 'NONE', #2208, #2239, #46, .T. ) ;
#1955 = CARTESIAN_POINT ( 'NONE',  ( 0.5011180772538018635, 0.4699999999999993072, -1.450000000000000178 ) ) ;
#1956 = ORIENTED_EDGE ( 'NONE', *, *, #1931, .F. ) ;
#1957 = FILL_AREA_STYLE ('',( #954 ) ) ;
#1958 = DIRECTION ( 'NONE',  ( -1.000000000000000000, 0.000000000000000000, 0.000000000000000000 ) ) ;
#1959 = LINE ( 'NONE', #463, #1943 ) ;
#1960 = EDGE_CURVE ( 'NONE', #454, #351, #820, .T. ) ;
#1961 = ORIENTED_EDGE ( 'NONE', *, *, #2055, .F. ) ;
#1962 =( NAMED_UNIT ( * ) PLANE_ANGLE_UNIT ( ) SI_UNIT ( $, .RADIAN. ) );
#1963 = ORIENTED_EDGE ( 'NONE', *, *, #110, .F. ) ;
#1964 = CIRCLE ( 'NONE', #1916, 0.1599999999999998646 ) ;
#1965 = CARTESIAN_POINT ( 'NONE',  ( -0.9527501761549258541, 0.1558994567923035202, -1.149999999999999911 ) ) ;
#1966 = VERTEX_POINT ( 'NONE', #1790 ) ;
#1967 = DIRECTION ( 'NONE',  ( -1.000000000000000000, 0.000000000000000000, 0.000000000000000000 ) ) ;
#1968 = DIRECTION ( 'NONE',  ( -0.1218693434051474761, -0.9925461516413219831, 0.000000000000000000 ) ) ;
#1969 = VERTEX_POINT ( 'NONE', #111 ) ;
#1970 = CARTESIAN_POINT ( 'NONE',  ( -0.6499999999999999112, 0.4699999999999993072, 1.149999999999999911 ) ) ;
#1971 = FACE_OUTER_BOUND ( 'NONE', #1080, .T. ) ;
#1972 = PLANE ( 'NONE',  #295 ) ;
#1973 = LINE ( 'NONE', #607, #1980 ) ;
#1974 = AXIS2_PLACEMENT_3D ( 'NONE', #1904, #920, #1241 ) ;
#1975 = DIRECTION ( 'NONE',  ( 0.06975647374412499713, 0.9975640502598243087, 0.000000000000000000 ) ) ;
#1976 = EDGE_CURVE ( 'NONE', #610, #982, #14, .T. ) ;
#1977 = ADVANCED_FACE ( 'NONE', ( #89 ), #593, .T. ) ;
#1978 = DIRECTION ( 'NONE',  ( 0.000000000000000000, 1.445602896647339706E-15, 1.000000000000000000 ) ) ;
#1979 = EDGE_CURVE ( 'NONE', #50, #724, #778, .T. ) ;
#1980 = VECTOR ( 'NONE', #143, 1000.000000000000000 ) ;
#1981 = AXIS2_PLACEMENT_3D ( 'NONE', #320, #500, #1023 ) ;
#1982 = LINE ( 'NONE', #505, #1998 ) ;
#1983 = DIRECTION ( 'NONE',  ( -0.1209742911513548153, 0.9852565360152931717, -0.1209742911513548430 ) ) ;
#1984 = PRESENTATION_LAYER_ASSIGNMENT (  '', '', ( #934 ) ) ;
#1985 = CYLINDRICAL_SURFACE ( 'NONE', #1587, 0.09433032714359249060 ) ;
#1986 = CARTESIAN_POINT ( 'NONE',  ( 0.000000000000000000, 0.9699999999999995293, -1.228255446771011172 ) ) ;
#1987 = CARTESIAN_POINT ( 'NONE',  ( 0.4718609227825337205, 0.2499999999999995837, -1.271860922782533931 ) ) ;
#1988 = CIRCLE ( 'NONE', #1282, 0.01999999999999994491 ) ;
#1989 = DIRECTION ( 'NONE',  ( 0.000000000000000000, -0.000000000000000000, -1.000000000000000000 ) ) ;
#1990 = ADVANCED_FACE ( 'NONE', ( #1519 ), #775, .T. ) ;
#1991 = LINE ( 'NONE', #38, #1240 ) ;
#1992 = EDGE_CURVE ( 'NONE', #209, #1324, #39, .T. ) ;
#1993 = EDGE_CURVE ( 'NONE', #356, #333, #1507, .T. ) ;
#1994 = DIRECTION ( 'NONE',  ( 0.1209742911513548153, -0.9852565360152931717, -0.1209742911513548430 ) ) ;
#1995 = VECTOR ( 'NONE', #145, 1000.000000000000227 ) ;
#1997 = EDGE_CURVE ( 'NONE', #1784, #610, #787, .T. ) ;
#1996 = CARTESIAN_POINT ( 'NONE',  ( 0.6328101614735932579, 0.3299999999999992384, -0.1999999999999999833 ) ) ;
#1998 = VECTOR ( 'NONE', #1202, 1000.000000000000000 ) ;
#1999 = PLANE ( 'NONE',  #2003 ) ;
#2000 = CARTESIAN_POINT ( 'NONE',  ( 0.9429842698307482340, 0.01624048975592813637, 0.1999999999999999833 ) ) ;
#2001 = DIRECTION ( 'NONE',  ( 0.000000000000000000, 0.000000000000000000, -1.000000000000000000 ) ) ;
#2002 = VECTOR ( 'NONE', #1332, 1000.000000000000000 ) ;
#2003 = AXIS2_PLACEMENT_3D ( 'NONE', #2214, #2189, #292 ) ;
#2004 = LINE ( 'NONE', #478, #2025 ) ;
#2005 = ADVANCED_FACE ( 'NONE', ( #1510 ), #1514, .T. ) ;
#2006 = LINE ( 'NONE', #1696, #1284 ) ;
#2007 = AXIS2_PLACEMENT_3D ( 'NONE', #880, #1873, #1757 ) ;
#2008 = DIRECTION ( 'NONE',  ( -1.000000000000000000, 0.000000000000000000, 0.000000000000000000 ) ) ;
#2009 = ADVANCED_FACE ( 'NONE', ( #807 ), #764, .T. ) ;
#2010 = FACE_OUTER_BOUND ( 'NONE', #1146, .T. ) ;
#2011 = AXIS2_PLACEMENT_3D ( 'NONE', #23, #152, #1928 ) ;
#2012 = DIRECTION ( 'NONE',  ( -0.000000000000000000, 0.000000000000000000, 1.000000000000000000 ) ) ;
#2013 = DIRECTION ( 'NONE',  ( -0.9925461516413220942, -0.1218693434051474900, 0.000000000000000000 ) ) ;
#2014 = VECTOR ( 'NONE', #1219, 1000.000000000000000 ) ;
#2015 = EDGE_CURVE ( 'NONE', #239, #1430, #754, .T. ) ;
#2016 = CARTESIAN_POINT ( 'NONE',  ( -0.4718609227825336094, 0.09999999999999961697, 1.271860922782533931 ) ) ;
#2017 = LINE ( 'NONE', #1591, #525 ) ;
#2018 = EDGE_CURVE ( 'NONE', #947, #1134, #1316, .T. ) ;
#2019 = CARTESIAN_POINT ( 'NONE',  ( -1.185000000000000053, 0.1396589670363756475, -0.7500000000000000000 ) ) ;
#2020 = LINE ( 'NONE', #294, #1995 ) ;
#2021 = CARTESIAN_POINT ( 'NONE',  ( -0.6499999999999999112, 0.4699999999999993072, -1.450000000000000178 ) ) ;
#2022 = DIRECTION ( 'NONE',  ( 0.1378445374916289212, 0.9808148484639890308, -0.1378445374916289212 ) ) ;
#2023 = DIRECTION ( 'NONE',  ( 1.000000000000000000, 0.000000000000000000, 0.000000000000000000 ) ) ;
#2024 = CARTESIAN_POINT ( 'NONE',  ( -0.7050000000000000711, 0.3299999999999992384, -0.7500000000000000000 ) ) ;
#2025 = VECTOR ( 'NONE', #631, 1000.000000000000000 ) ;
#2026 = CARTESIAN_POINT ( 'NONE',  ( 0.9429842698307482340, 0.01624048975592810862, 0.1999999999999999833 ) ) ;
#2027 = AXIS2_PLACEMENT_3D ( 'NONE', #1465, #1630, #1794 ) ;
#2028 = CARTESIAN_POINT ( 'NONE',  ( 0.4282554467710114054, 0.9699999999999995293, -1.228255446771011172 ) ) ;
#2029 = LINE ( 'NONE', #1048, #2002 ) ;
#2030 = PLANE ( 'NONE',  #1691 ) ;
#2031 = VECTOR ( 'NONE', #1028, 1000.000000000000000 ) ;
#2032 = CARTESIAN_POINT ( 'NONE',  ( 0.6500000000000000222, 0.4699999999999993072, -1.450000000000000178 ) ) ;
#2033 = CARTESIAN_POINT ( 'NONE',  ( 0.6500000000000000222, 0.4699999999999993072, 1.301459789688763413 ) ) ;
#2034 = MECHANICAL_DESIGN_GEOMETRIC_PRESENTATION_REPRESENTATION (  '', ( #710 ), #1950 ) ;
#2035 = LINE ( 'NONE', #994, #499 ) ;
#2036 = CARTESIAN_POINT ( 'NONE',  ( 0.5887127689477723580, 0.4707492538278109095, -1.449894587779897437 ) ) ;
#2037 = DIRECTION ( 'NONE',  ( 1.000000000000000000, -0.000000000000000000, -0.000000000000000000 ) ) ;
#2038 = CARTESIAN_POINT ( 'NONE',  ( 0.6045697124659252797, 0.09999999999999961697, -1.271860922782533931 ) ) ;
#2039 = CARTESIAN_POINT ( 'NONE',  ( -0.7050000000000000711, 0.3099999999999992761, -0.7500000000000000000 ) ) ;
#2040 = CIRCLE ( 'NONE', #45, 0.09433032714359249060 ) ;
#2041 = EDGE_CURVE ( 'NONE', #649, #1430, #1536, .T. ) ;
#2042 = CARTESIAN_POINT ( 'NONE',  ( -0.6499999999999999112, 0.4699999999999993072, -0.7500000000000000000 ) ) ;
#2043 = PRODUCT_DEFINITION_SHAPE ( 'NONE', 'NONE',  #104 ) ;
#2044 = CARTESIAN_POINT ( 'NONE',  ( -1.175234093675822544, 1.411331559185746219E-16, -0.7500000000000000000 ) ) ;
#2045 = LINE ( 'NONE', #199, #2014 ) ;
#2046 = ORIENTED_EDGE ( 'NONE', *, *, #2117, .F. ) ;
#2047 = VECTOR ( 'NONE', #1551, 1000.000000000000000 ) ;
#2048 = DIRECTION ( 'NONE',  ( -0.9975640502598241977, 0.06975647374412544122, 0.000000000000000000 ) ) ;
#2049 = FACE_OUTER_BOUND ( 'NONE', #615, .T. ) ;
#2050 = CARTESIAN_POINT ( 'NONE',  ( -1.175234093675822544, 1.411331559185746219E-16, -0.7500000000000000000 ) ) ;
#2051 = LINE ( 'NONE', #2038, #561 ) ;
#2052 = PLANE ( 'NONE',  #58 ) ;
#2053 = CARTESIAN_POINT ( 'NONE',  ( -0.7250000000000000888, 0.2500000000000000000, -0.7500000000000000000 ) ) ;
#2054 = AXIS2_PLACEMENT_3D ( 'NONE', #2028, #1886, #663 ) ;
#2055 = EDGE_CURVE ( 'NONE', #2247, #1787, #49, .T. ) ;
#2056 = VECTOR ( 'NONE', #1455, 1000.000000000000000 ) ;
#2057 = DIRECTION ( 'NONE',  ( 0.000000000000000000, -0.9925461516413219831, -0.1218693434051477398 ) ) ;
#2058 = EDGE_CURVE ( 'NONE', #1409, #1339, #56, .T. ) ;
#2059 = CARTESIAN_POINT ( 'NONE',  ( 1.175234093675822544, 1.411331559185746219E-16, 0.1999999999999999833 ) ) ;
#2060 = LINE ( 'NONE', #1044, #578 ) ;
#2061 = CARTESIAN_POINT ( 'NONE',  ( -0.4282554467710112389, 0.9699999999999995293, -1.228255446771011394 ) ) ;
#2062 = FACE_OUTER_BOUND ( 'NONE', #180, .T. ) ;
#2063 = ORIENTED_EDGE ( 'NONE', *, *, #863, .F. ) ;
#2064 = LINE ( 'NONE', #484, #599 ) ;
#2065 = DIRECTION ( 'NONE',  ( 0.000000000000000000, -0.000000000000000000, 1.000000000000000000 ) ) ;
#2066 = PLANE ( 'NONE',  #299 ) ;
#2067 = ORIENTED_EDGE ( 'NONE', *, *, #1270, .F. ) ;
#2068 = AXIS2_PLACEMENT_3D ( 'NONE', #1458, #924, #2143 ) ;
#2069 = FACE_OUTER_BOUND ( 'NONE', #418, .T. ) ;
#2070 = ORIENTED_EDGE ( 'NONE', *, *, #544, .T. ) ;
#2071 = DIRECTION ( 'NONE',  ( 0.9975640502598243087, -0.06975647374412514978, 0.000000000000000000 ) ) ;
#2072 = CARTESIAN_POINT ( 'NONE',  ( -0.6328101614735932579, 0.3299999999999992384, -0.7500000000000000000 ) ) ;
#2073 = VECTOR ( 'NONE', #2022, 1000.000000000000114 ) ;
#2074 = ORIENTED_EDGE ( 'NONE', *, *, #1756, .T. ) ;
#2075 = DIRECTION ( 'NONE',  ( -0.000000000000000000, -0.000000000000000000, -1.000000000000000000 ) ) ;
#2076 = FACE_OUTER_BOUND ( 'NONE', #579, .T. ) ;
#2077 = ADVANCED_FACE ( 'NONE', ( #33 ), #1556, .T. ) ;
#2078 = ORIENTED_EDGE ( 'NONE', *, *, #286, .F. ) ;
#2079 = PLANE ( 'NONE',  #474 ) ;
#2080 = UNCERTAINTY_MEASURE_WITH_UNIT (LENGTH_MEASURE( 1.000000000000000082E-05 ), #1020, 'distance_accuracy_value', 'NONE');
#2081 = VECTOR ( 'NONE', #1005, 999.9999999999998863 ) ;
#2082 = CARTESIAN_POINT ( 'NONE',  ( -0.6499999999999999112, 0.4699999999999993072, 1.450000000000000178 ) ) ;
#2083 = EDGE_CURVE ( 'NONE', #2232, #239, #77, .T. ) ;
#2084 = CARTESIAN_POINT ( 'NONE',  ( 0.6045697124659252797, 0.2317195984892274074, 1.420742845528732090 ) ) ;
#2085 = ORIENTED_EDGE ( 'NONE', *, *, #1224, .T. ) ;
#2086 = EDGE_CURVE ( 'NONE', #724, #632, #825, .T. ) ;
#2087 = SPHERICAL_SURFACE ( 'NONE', #2098, 0.1499999999999999944 ) ;
#2088 = EDGE_CURVE ( 'NONE', #329, #738, #24, .T. ) ;
#2089 = ORIENTED_EDGE ( 'NONE', *, *, #635, .F. ) ;
#2090 = CARTESIAN_POINT ( 'NONE',  ( -0.6328101614735932579, 0.3299999999999992384, 0.7500000000000000000 ) ) ;
#2091 = CYLINDRICAL_SURFACE ( 'NONE', #1813, 0.09433032714359249060 ) ;
#2092 = DIRECTION ( 'NONE',  ( -0.000000000000000000, -0.000000000000000000, 1.000000000000000000 ) ) ;
#2093 = VECTOR ( 'NONE', #566, 1000.000000000000000 ) ;
#2094 = ORIENTED_EDGE ( 'NONE', *, *, #34, .T. ) ;
#2095 = CARTESIAN_POINT ( 'NONE',  ( -0.7050000000000000711, 0.3099999999999992761, -0.7500000000000000000 ) ) ;
#2096 = VECTOR ( 'NONE', #873, 1000.000000000000000 ) ;
#2097 = VERTEX_POINT ( 'NONE', #1207 ) ;
#2098 = AXIS2_PLACEMENT_3D ( 'NONE', #1114, #1264, #2153 ) ;
#2099 = DIRECTION ( 'NONE',  ( 0.000000000000000000, -0.000000000000000000, -1.000000000000000000 ) ) ;
#2100 = DIRECTION ( 'NONE',  ( 0.000000000000000000, 0.1391731009600659930, -0.9902680687415703620 ) ) ;
#2101 = DIRECTION ( 'NONE',  ( 1.000000000000000000, 0.000000000000000000, 0.000000000000000000 ) ) ;
#2102 = ADVANCED_FACE ( 'NONE', ( #829 ), #1999, .F. ) ;
#2103 = ORIENTED_EDGE ( 'NONE', *, *, #59, .F. ) ;
#2104 = CIRCLE ( 'NONE', #362, 0.1499999999999999667 ) ;
#2105 = ORIENTED_EDGE ( 'NONE', *, *, #1707, .T. ) ;
#2106 = ORIENTED_EDGE ( 'NONE', *, *, #1474, .T. ) ;
#2107 = DIRECTION ( 'NONE',  ( -0.000000000000000000, -0.000000000000000000, -1.000000000000000000 ) ) ;
#2108 = VECTOR ( 'NONE', #944, 1000.000000000000000 ) ;
#2109 = ORIENTED_EDGE ( 'NONE', *, *, #170, .T. ) ;
#2110 = VECTOR ( 'NONE', #1616, 1000.000000000000000 ) ;
#2111 = CARTESIAN_POINT ( 'NONE',  ( 0.7050000000000000711, 0.3299999999999992384, 0.1999999999999999833 ) ) ;
#2112 = SPHERICAL_SURFACE ( 'NONE', #1544, 0.1499999999999999944 ) ;
#2113 = ORIENTED_EDGE ( 'NONE', *, *, #1250, .F. ) ;
#2114 = AXIS2_PLACEMENT_3D ( 'NONE', #1558, #1717, #22 ) ;
#2115 = LINE ( 'NONE', #555, #1385 ) ;
#2116 = ORIENTED_EDGE ( 'NONE', *, *, #1501, .F. ) ;
#2117 = EDGE_CURVE ( 'NONE', #353, #1409, #1959, .T. ) ;
#2118 = LINE ( 'NONE', #585, #1334 ) ;
#2119 = ORIENTED_EDGE ( 'NONE', *, *, #1192, .T. ) ;
#2120 = CARTESIAN_POINT ( 'NONE',  ( -0.5011180772538016415, 0.4699999999999993072, 1.450000000000000178 ) ) ;
#2121 = PLANE ( 'NONE',  #1340 ) ;
#2122 = VERTEX_POINT ( 'NONE', #653 ) ;
#2123 = LINE ( 'NONE', #238, #2110 ) ;
#2124 = ORIENTED_EDGE ( 'NONE', *, *, #110, .T. ) ;
#2125 = EDGE_CURVE ( 'NONE', #739, #1784, #1973, .T. ) ;
#2126 = LINE ( 'NONE', #141, #2073 ) ;
#2127 = ORIENTED_EDGE ( 'NONE', *, *, #257, .T. ) ;
#2128 = ORIENTED_EDGE ( 'NONE', *, *, #922, .F. ) ;
#2129 = CIRCLE ( 'NONE', #919, 0.1599999999999998646 ) ;
#2130 = EDGE_LOOP ( 'NONE', ( #704, #2116, #1326, #1177 ) ) ;
#2131 = DIRECTION ( 'NONE',  ( 0.000000000000000000, -0.000000000000000000, -1.000000000000000000 ) ) ;
#2132 = LINE ( 'NONE', #439, #2081 ) ;
#2133 = EDGE_LOOP ( 'NONE', ( #1435, #1892, #711, #2127 ) ) ;
#2134 = COLOUR_RGB ( '',0.2509803921568627416, 0.2509803921568627416, 0.2509803921568627416 ) ;
#2135 = DIRECTION ( 'NONE',  ( -1.000000000000000000, 0.000000000000000000, 0.000000000000000000 ) ) ;
#2136 = ORIENTED_EDGE ( 'NONE', *, *, #2041, .F. ) ;
#2137 = CARTESIAN_POINT ( 'NONE',  ( -0.7050000000000000711, 0.3099999999999992761, -1.149999999999999911 ) ) ;
#2138 = LINE ( 'NONE', #535, #661 ) ;
#2139 = EDGE_LOOP ( 'NONE', ( #1047, #1043, #1799 ) ) ;
#2140 = SURFACE_STYLE_FILL_AREA ( #861 ) ;
#2141 = VERTEX_POINT ( 'NONE', #305 ) ;
#2142 = VERTEX_POINT ( 'NONE', #860 ) ;
#2143 = DIRECTION ( 'NONE',  ( -1.000000000000000000, 0.000000000000000000, 0.000000000000000000 ) ) ;
#2144 = DIRECTION ( 'NONE',  ( -1.000000000000000000, 0.000000000000000000, 0.000000000000000000 ) ) ;
#2145 = DIRECTION ( 'NONE',  ( -0.9902680687415701399, -0.1391731009600668534, 0.000000000000000000 ) ) ;
#2146 = VECTOR ( 'NONE', #102, 1000.000000000000227 ) ;
#2147 = EDGE_LOOP ( 'NONE', ( #312, #1918, #2113 ) ) ;
#2148 = LINE ( 'NONE', #1231, #1374 ) ;
#2149 = ORIENTED_EDGE ( 'NONE', *, *, #1584, .F. ) ;
#2150 = VECTOR ( 'NONE', #1793, 1000.000000000000114 ) ;
#2151 = ORIENTED_EDGE ( 'NONE', *, *, #1059, .T. ) ;
#2152 = AXIS2_PLACEMENT_3D ( 'NONE', #436, #804, #283 ) ;
#2153 = DIRECTION ( 'NONE',  ( 0.000000000000000000, 0.000000000000000000, -1.000000000000000000 ) ) ;
#2154 = LINE ( 'NONE', #864, #689 ) ;
#2155 = ORIENTED_EDGE ( 'NONE', *, *, #1136, .F. ) ;
#2156 = ADVANCED_FACE ( 'NONE', ( #440 ), #1785, .T. ) ;
#2157 = ADVANCED_FACE ( 'NONE', ( #1971 ), #1972, .F. ) ;
#2158 = VECTOR ( 'NONE', #1461, 1000.000000000000000 ) ;
#2159 = DIRECTION ( 'NONE',  ( -0.000000000000000000, -0.000000000000000000, -1.000000000000000000 ) ) ;
#2160 = ORIENTED_EDGE ( 'NONE', *, *, #722, .F. ) ;
#2161 = CARTESIAN_POINT ( 'NONE',  ( -0.5032969313080895013, 0.4877453422341169187, -1.452178854054287926 ) ) ;
#2162 = LINE ( 'NONE', #82, #1424 ) ;
#2163 = ORIENTED_EDGE ( 'NONE', *, *, #2243, .F. ) ;
#2164 = EDGE_CURVE ( 'NONE', #1087, #1139, #1964, .T. ) ;
#2165 = LINE ( 'NONE', #1942, #2202 ) ;
#2166 = VERTEX_POINT ( 'NONE', #2090 ) ;
#2167 = EDGE_LOOP ( 'NONE', ( #1016, #1367, #1196, #36 ) ) ;
#2168 = DIRECTION ( 'NONE',  ( -0.000000000000000000, 0.000000000000000000, 1.000000000000000000 ) ) ;
#2169 = CARTESIAN_POINT ( 'NONE',  ( -0.6499999999999999112, 0.4699999999999993072, 0.7500000000000000000 ) ) ;
#2170 = CARTESIAN_POINT ( 'NONE',  ( -0.9429842698307482340, 0.01624048975592810862, 1.149999999999999911 ) ) ;
#2171 = CIRCLE ( 'NONE', #1856, 0.1499999999999999389 ) ;
#2172 = ORIENTED_EDGE ( 'NONE', *, *, #1993, .T. ) ;
#2173 = VECTOR ( 'NONE', #1526, 1000.000000000000000 ) ;
#2174 = EDGE_LOOP ( 'NONE', ( #1363, #2201, #1083, #1058, #2155, #1347 ) ) ;
#2175 = DIRECTION ( 'NONE',  ( 1.000000000000000000, 0.000000000000000000, 0.000000000000000000 ) ) ;
#2176 = DIRECTION ( 'NONE',  ( 0.000000000000000000, 0.000000000000000000, 1.000000000000000000 ) ) ;
#2177 = ORIENTED_EDGE ( 'NONE', *, *, #1621, .T. ) ;
#2178 = FACE_OUTER_BOUND ( 'NONE', #1379, .T. ) ;
#2179 = ORIENTED_EDGE ( 'NONE', *, *, #377, .T. ) ;
#2180 = CYLINDRICAL_SURFACE ( 'NONE', #1618, 0.2343303271435926427 ) ;
#2181 = VERTEX_POINT ( 'NONE', #531 ) ;
#2182 = DIRECTION ( 'NONE',  ( 0.000000000000000000, -0.9902680687415703620, 0.1391731009600657432 ) ) ;
#2183 = ORIENTED_EDGE ( 'NONE', *, *, #1321, .F. ) ;
#2184 = ADVANCED_FACE ( 'NONE', ( #480 ), #92, .F. ) ;
#2185 = FACE_OUTER_BOUND ( 'NONE', #639, .T. ) ;
#2186 = ORIENTED_EDGE ( 'NONE', *, *, #467, .F. ) ;
#2187 = LINE ( 'NONE', #2019, #650 ) ;
#2188 = ORIENTED_EDGE ( 'NONE', *, *, #549, .T. ) ;
#2189 = DIRECTION ( 'NONE',  ( 1.000000000000000000, -3.614007241618390975E-15, 0.000000000000000000 ) ) ;
#2190 = DIRECTION ( 'NONE',  ( -0.9902680687415701399, 0.1391731009600660762, 0.000000000000000000 ) ) ;
#2191 = CARTESIAN_POINT ( 'NONE',  ( -0.5042822195322411716, 0.4499173681481717368, 1.452822429843476870 ) ) ;
#2192 = LINE ( 'NONE', #2170, #2146 ) ;
#2193 = ORIENTED_EDGE ( 'NONE', *, *, #383, .T. ) ;
#2194 = LINE ( 'NONE', #1849, #2230 ) ;
#2195 = ORIENTED_EDGE ( 'NONE', *, *, #1559, .F. ) ;
#2196 = DIRECTION ( 'NONE',  ( 0.9925461516413219831, 0.1218693434051479618, 0.000000000000000000 ) ) ;
#2197 = AXIS2_PLACEMENT_3D ( 'NONE', #1753, #748, #210 ) ;
#2198 = DIRECTION ( 'NONE',  ( 0.000000000000000000, 0.000000000000000000, 1.000000000000000000 ) ) ;
#2199 = ORIENTED_EDGE ( 'NONE', *, *, #922, .T. ) ;
#2200 = FACE_OUTER_BOUND ( 'NONE', #1845, .T. ) ;
#2201 = ORIENTED_EDGE ( 'NONE', *, *, #1247, .F. ) ;
#2202 = VECTOR ( 'NONE', #1123, 1000.000000000000000 ) ;
#2203 = EDGE_CURVE ( 'NONE', #191, #1425, #1183, .T. ) ;
#2204 = ORIENTED_EDGE ( 'NONE', *, *, #928, .F. ) ;
#2205 = EDGE_CURVE ( 'NONE', #428, #1738, #432, .T. ) ;
#2206 = FACE_OUTER_BOUND ( 'NONE', #397, .T. ) ;
#2207 = ORIENTED_EDGE ( 'NONE', *, *, #285, .T. ) ;
#2208 = VERTEX_POINT ( 'NONE', #427 ) ;
#2209 = SPHERICAL_SURFACE ( 'NONE', #1456, 0.1499999999999999944 ) ;
#2210 = EDGE_LOOP ( 'NONE', ( #460, #384, #1095, #2105, #1132, #625 ) ) ;
#2211 = DIRECTION ( 'NONE',  ( 3.614007241618390975E-15, -1.000000000000000000, 0.000000000000000000 ) ) ;
#2212 = ORIENTED_EDGE ( 'NONE', *, *, #461, .T. ) ;
#2213 = EDGE_CURVE ( 'NONE', #1067, #1339, #479, .T. ) ;
#2214 = CARTESIAN_POINT ( 'NONE',  ( -0.8649999999999998801, 0.3099999999999992761, -0.7500000000000000000 ) ) ;
#2215 = CARTESIAN_POINT ( 'NONE',  ( -0.6328101614735932579, 0.3299999999999992384, -1.149999999999999911 ) ) ;
#2216 = DIRECTION ( 'NONE',  ( 0.000000000000000000, 0.000000000000000000, 1.000000000000000000 ) ) ;
#2217 = LINE ( 'NONE', #1109, #2150 ) ;
#2218 = ORIENTED_EDGE ( 'NONE', *, *, #1762, .T. ) ;
#2219 = ORIENTED_EDGE ( 'NONE', *, *, #302, .F. ) ;
#2220 = DIRECTION ( 'NONE',  ( 0.000000000000000000, -0.000000000000000000, -1.000000000000000000 ) ) ;
#2221 = AXIS2_PLACEMENT_3D ( 'NONE', #169, #2242, #686 ) ;
#2222 = ORIENTED_EDGE ( 'NONE', *, *, #1254, .T. ) ;
#2223 = FACE_OUTER_BOUND ( 'NONE', #1744, .T. ) ;
#2224 = ORIENTED_EDGE ( 'NONE', *, *, #1079, .F. ) ;
#2225 = CARTESIAN_POINT ( 'NONE',  ( -0.7050000000000000711, 0.3299999999999992384, 1.149999999999999911 ) ) ;
#2226 = LINE ( 'NONE', #2084, #680 ) ;
#2227 = ORIENTED_EDGE ( 'NONE', *, *, #678, .F. ) ;
#2228 = DIRECTION ( 'NONE',  ( 0.06975647374412498325, -0.9975640502598243087, -0.000000000000000000 ) ) ;
#2229 = CARTESIAN_POINT ( 'NONE',  ( -0.4718609227825336094, 0.09999999999999961697, -1.271860922782533931 ) ) ;
#2230 = VECTOR ( 'NONE', #2, 999.9999999999998863 ) ;
#2231 = ORIENTED_EDGE ( 'NONE', *, *, #950, .F. ) ;
#2232 = VERTEX_POINT ( 'NONE', #1749 ) ;
#2233 = CARTESIAN_POINT ( 'NONE',  ( 0.4718609227825337205, 0.2499999999999995837, -1.271860922782533931 ) ) ;
#2234 = AXIS2_PLACEMENT_3D ( 'NONE', #1151, #1791, #834 ) ;
#2235 = LINE ( 'NONE', #277, #1434 ) ;
#2236 = ORIENTED_EDGE ( 'NONE', *, *, #759, .F. ) ;
#2237 = CARTESIAN_POINT ( 'NONE',  ( -0.9429842698307482340, 0.01624048975592813637, 0.7500000000000000000 ) ) ;
#2238 = CARTESIAN_POINT ( 'NONE',  ( -0.9429842698307482340, 0.01624048975592810862, 1.149999999999999911 ) ) ;
#2239 = VERTEX_POINT ( 'NONE', #1632 ) ;
#2240 = ORIENTED_EDGE ( 'NONE', *, *, #90, .T. ) ;
#2241 = LINE ( 'NONE', #282, #740 ) ;
#2242 = DIRECTION ( 'NONE',  ( -1.000000000000000000, 0.000000000000000000, -3.649524159868156423E-16 ) ) ;
#2243 = EDGE_CURVE ( 'NONE', #1712, #786, #1934, .T. ) ;
#2244 = ORIENTED_EDGE ( 'NONE', *, *, #1011, .F. ) ;
#2245 = DIRECTION ( 'NONE',  ( -1.459809663947266513E-15, 0.000000000000000000, -1.000000000000000000 ) ) ;
#2246 = VERTEX_POINT ( 'NONE', #1764 ) ;
#2247 = VERTEX_POINT ( 'NONE', #1377 ) ;
#2248 = VECTOR ( 'NONE', #803, 1000.000000000000000 ) ;
#2249 = EDGE_CURVE ( 'NONE', #315, #649, #487, .T. ) ;
ENDSEC;
END-ISO-10303-21;
